Date,Close
2010-01-04,9112.244140625
2010-01-05,9192.0439453125
2010-01-06,9222.892578125
2010-01-07,9192.84375
2010-01-08,9160.59375
2010-01-11,9173.443359375
2010-01-12,8984.9951171875
2010-01-13,8925.99609375
2010-01-14,8910.6962890625
2010-01-15,8910.99609375
2010-01-18,9093.14453125
2010-01-19,9135.7939453125
2010-01-20,9126.2431640625
2010-01-21,8919.1962890625
2010-01-22,8772.548828125
2010-01-25,8696.498046875
2010-01-27,8329.703125
2010-01-28,8423.751953125
2010-01-29,8651.44921875
2010-02-01,8649.1494140625
2010-02-02,8468.0517578125
2010-02-03,8631.7490234375
2010-02-04,8471.0009765625
2010-02-05,8223.154296875
2010-02-08,8342.103515625
2010-02-09,8392.3525390625
2010-02-10,8289.9033203125
2010-02-11,8381.302734375
2010-02-15,8312.603515625
2010-02-16,8397.7021484375
2010-02-17,8551.400390625
2010-02-18,8573.80078125
2010-02-19,8487.0009765625
2010-02-22,8493.2509765625
2010-02-23,8512.8515625
2010-02-24,8504.451171875
2010-02-25,8537.7001953125
2010-02-26,8722.6484375
2010-03-02,8921.99609375
2010-03-03,9039.3447265625
2010-03-04,9013.6953125
2010-03-05,9038.3447265625
2010-03-08,9145.84375
2010-03-09,9138.09375
2010-03-10,9119.1435546875
2010-03-11,9186.7431640625
2010-03-12,9172.7939453125
2010-03-15,9085.39453125
2010-03-16,9102.8447265625
2010-03-17,9188.2939453125
2010-03-18,9252.1923828125
2010-03-19,9270.6923828125
2010-03-22,9186.84375
2010-03-23,9222.79296875
2010-03-25,9318.1416015625
2010-03-26,9456.08984375
2010-03-29,9517.4892578125
2010-03-30,9470.189453125
2010-03-31,9459.4892578125
2010-04-01,9507.6396484375
2010-04-05,9698.4873046875
2010-04-06,9728.0869140625
2010-04-07,9680.9375
2010-04-08,9519.8896484375
2010-04-09,9656.3876953125
2010-04-12,9575.3388671875
2010-04-13,9482.8896484375
2010-04-15,9344.4912109375
2010-04-16,9353.6416015625
2010-04-19,9302.7919921875
2010-04-20,9445.990234375
2010-04-21,9555.1884765625
2010-04-22,9623.1376953125
2010-04-23,9813.185546875
2010-04-26,9839.0361328125
2010-04-27,9756.3369140625
2010-04-28,9634.7880859375
2010-04-29,9803.685546875
2010-04-30,9870.2353515625
2010-05-03,9775.38671875
2010-05-04,9623.587890625
2010-05-05,9581.73828125
2010-05-06,9581.888671875
2010-05-07,9275.9921875
2010-05-10,9656.1376953125
2010-05-11,9625.9873046875
2010-05-12,9722.0869140625
2010-05-13,9773.236328125
2010-05-14,9588.9384765625
2010-05-17,9526.3896484375
2010-05-18,9492.1396484375
2010-05-19,9108.244140625
2010-05-20,9174.4931640625
2010-05-21,9135.59375
2010-05-24,9087.14453125
2010-05-25,8851.6474609375
2010-05-26,9027.4951171875
2010-05-27,9258.3427734375
2010-05-28,9312.4912109375
2010-05-31,9363.591796875
2010-06-01,9118.943359375
2010-06-02,9192.34375
2010-06-03,9387.5908203125
2010-06-04,9455.83984375
2010-06-07,9292.4912109375
2010-06-08,9185.193359375
2010-06-09,9238.0927734375
2010-06-10,9346.341796875
2010-06-11,9451.640625
2010-06-14,9533.9892578125
2010-06-15,9554.2890625
2010-06-16,9588.7890625
2010-06-17,9613.2890625
2010-06-18,9576.138671875
2010-06-21,9757.9365234375
2010-06-22,9675.3876953125
2010-06-23,9718.8369140625
2010-06-24,9673.4873046875
2010-06-25,9450.990234375
2010-06-28,9542.0888671875
2010-06-29,9381.291015625
2010-06-30,9464.4892578125
2010-07-01,9349.2919921875
2010-07-02,9357.0419921875
2010-07-05,9385.240234375
2010-07-06,9550.7890625
2010-07-07,9449.140625
2010-07-08,9566.48828125
2010-07-09,9713.5869140625
2010-07-12,9850.4853515625
2010-07-13,9931.484375
2010-07-14,9956.5341796875
2010-07-15,9931.984375
2010-07-16,10013.333984375
2010-07-19,10032.3837890625
2010-07-20,9975.8837890625
2010-07-21,9992.0341796875
2010-07-22,10060.1328125
2010-07-23,10093.783203125
2010-07-26,10023.8837890625
2010-07-27,10090.533203125
2010-07-28,10068.033203125
2010-07-29,10179.58203125
2010-07-30,10160.8818359375
2010-08-02,10411.37890625
2010-08-03,10502.5283203125
2010-08-04,10489.177734375
2010-08-05,10454.779296875
2010-08-06,10383.529296875
2010-08-09,10523.9775390625
2010-08-10,10519.828125
2010-08-11,10428.529296875
2010-08-12,10583.52734375
2010-08-13,10737.224609375
2010-08-16,10680.42578125
2010-08-17,10770.125
2010-08-18,10893.9228515625
2010-08-19,11110.37109375
2010-08-20,11033.6220703125
2010-08-23,11095.37109375
2010-08-24,11042.8720703125
2010-08-25,10937.72265625
2010-08-26,10981.572265625
2010-08-27,10727.3251953125
2010-08-30,10747.125
2010-08-31,10746.224609375
2010-09-01,10879.6240234375
2010-09-02,10980.4716796875
2010-09-03,10991.072265625
2010-09-06,11218.6689453125
2010-09-07,11192.8203125
2010-09-08,11189.919921875
2010-09-09,11446.5673828125
2010-09-13,11872.7119140625
2010-09-14,11928.2109375
2010-09-15,11987.4599609375
2010-09-16,12031.91015625
2010-09-17,12103.958984375
2010-09-20,12251.0576171875
2010-09-21,12244.8076171875
2010-09-22,12305.5576171875
2010-09-23,12146.158203125
2010-09-24,12263.4072265625
2010-09-27,12253.0576171875
2010-09-28,12272.2578125
2010-09-29,12237.4072265625
2010-09-30,12366.2060546875
2010-10-01,12556.6044921875
2010-10-04,12651.15234375
2010-10-05,12596.353515625
2010-10-06,12629.0537109375
2010-10-07,12536.4541015625
2010-10-08,12473.255859375
2010-10-11,12512.8544921875
2010-10-12,12461.6552734375
2010-10-13,12744.8515625
2010-10-14,12598.703125
2010-10-15,12346.306640625
2010-10-18,12331.15625
2010-10-19,12245.5078125
2010-10-20,12176.3583984375
2010-10-21,12435.6552734375
2010-10-22,12384.65625
2010-10-25,12424.5556640625
2010-10-26,12332.5068359375
2010-10-27,12182.5087890625
2010-10-28,12105.1591796875
2010-10-29,12330.6064453125
2010-11-01,12734.751953125
2010-11-02,12770.751953125
2010-11-03,12891.650390625
2010-11-04,13182.7470703125
2010-11-08,13104.947265625
2010-11-09,13121.197265625
2010-11-10,13006.9482421875
2010-11-11,12823.4501953125
2010-11-12,12457.1552734375
2010-11-15,12762.001953125
2010-11-16,12524.3046875
2010-11-18,12315.0068359375
2010-11-19,12062.8095703125
2010-11-22,12389.9560546875
2010-11-23,12206.30859375
2010-11-24,11842.412109375
2010-11-25,11652.2646484375
2010-11-26,11668.7138671875
2010-11-29,11828.2119140625
2010-11-30,11952.4609375
2010-12-01,12310.6064453125
2010-12-02,12472.455078125
2010-12-03,12349.056640625
2010-12-06,12051.060546875
2010-12-07,11695.1640625
2010-12-08,11460.0673828125
2010-12-09,11115.9208984375
2010-12-10,11446.8671875
2010-12-13,11517.9658203125
2010-12-14,11560.365234375
2010-12-15,11196.169921875
2010-12-16,11424.017578125
2010-12-20,11266.96875
2010-12-21,11537.1162109375
2010-12-22,11467.5673828125
2010-12-23,11468.916015625
2010-12-24,11476.916015625
2010-12-27,11470.81640625
2010-12-28,11427.1669921875
2010-12-29,11612.765625
2010-12-30,11629.1650390625
2010-12-31,11791.3134765625
2011-01-03,11855.6123046875
2011-01-04,11563.9150390625
2011-01-05,11305.318359375
2011-01-06,11186.669921875
2011-01-07,11053.220703125
2011-01-10,10700.5263671875
2011-01-11,10833.423828125
2011-01-12,11128.021484375
2011-01-13,10716.525390625
2011-01-14,10432.779296875
2011-01-17,10470.9775390625
2011-01-18,10618.376953125
2011-01-19,10615.02734375
2011-01-20,10798.2236328125
2011-01-21,10889.2734375
2011-01-24,11151.0205078125
2011-01-25,10872.82421875
2011-01-27,10676.0263671875
2011-01-28,10578.126953125
2011-01-31,10641.7255859375
2011-02-01,10481.078125
2011-02-02,10470.0283203125
2011-02-03,10670.4755859375
2011-02-04,10433.728515625
2011-02-07,10383.9287109375
2011-02-08,10147.6318359375
2011-02-09,10116.533203125
2011-02-10,10073.982421875
2011-02-11,10447.62890625
2011-02-14,10802.423828125
2011-02-15,10959.5732421875
2011-02-16,10960.5732421875
2011-02-17,11134.5703125
2011-02-18,10949.5732421875
2011-02-21,11049.970703125
2011-02-22,10836.673828125
2011-02-23,10646.326171875
2011-02-24,10210.630859375
2011-02-25,10435.728515625
2011-02-28,10435.228515625
2011-03-01,10885.2734375
2011-03-03,10914.373046875
2011-03-04,10963.2734375
2011-03-07,10782.125
2011-03-08,10931.4228515625
2011-03-09,10974.671875
2011-03-10,10850.1240234375
2011-03-11,10740.8251953125
2011-03-14,10893.123046875
2011-03-15,10725.6748046875
2011-03-16,10957.47265625
2011-03-17,10851.82421875
2011-03-18,10715.775390625
2011-03-21,10723.474609375
2011-03-22,10771.1748046875
2011-03-23,10957.97265625
2011-03-24,11070.220703125
2011-03-25,11387.1669921875
2011-03-28,11523.2666015625
2011-03-29,11582.365234375
2011-03-30,11765.0634765625
2011-03-31,11705.314453125
2011-04-01,11590.8154296875
2011-04-04,11804.1630859375
2011-04-05,11798.763671875
2011-04-06,11729.9130859375
2011-04-07,11754.263671875
2011-04-08,11673.1142578125
2011-04-11,11597.6650390625
2011-04-13,11839.3623046875
2011-04-15,11735.513671875
2011-04-18,11539.6162109375
2011-04-19,11586.615234375
2011-04-20,11794.4130859375
2011-04-21,11894.611328125
2011-04-25,11878.8623046875
2011-04-26,11867.5625
2011-04-27,11779.712890625
2011-04-28,11684.6640625
2011-04-29,11483.6162109375
2011-05-02,11243.6689453125
2011-05-03,10898.1728515625
2011-05-04,10913.22265625
2011-05-05,10729.974609375
2011-05-06,11144.9697265625
2011-05-09,11076.37109375
2011-05-10,11009.2724609375
2011-05-11,11058.9208984375
2011-05-12,10887.3232421875
2011-05-13,11020.822265625
2011-05-16,10912.22265625
2011-05-17,10668.7255859375
2011-05-18,10598.9267578125
2011-05-19,10558.2265625
2011-05-20,10663.9755859375
2011-05-23,10368.1298828125
2011-05-24,10425.4287109375
2011-05-25,10355.6796875
2011-05-26,10468.177734375
2011-05-27,10722.525390625
2011-05-30,10781.3251953125
2011-05-31,11020.7216796875
2011-06-01,11033.2724609375
2011-06-02,10839.1240234375
2011-06-03,10781.875
2011-06-06,10854.5244140625
2011-06-07,10873.32421875
2011-06-08,10791.3251953125
2011-06-09,10785.275390625
2011-06-10,10714.125
2011-06-13,10717.375
2011-06-14,10803.82421875
2011-06-15,10626.52734375
2011-06-16,10572.02734375
2011-06-17,10598.126953125
2011-06-20,10484.177734375
2011-06-21,10459.029296875
2011-06-22,10475.078125
2011-06-23,10526.328125
2011-06-24,10854.3740234375
2011-06-27,11032.3720703125
2011-06-28,11053.9208984375
2011-06-29,11153.2197265625
2011-06-30,11244.51953125
2011-07-01,11254.869140625
2011-07-04,11379.66796875
2011-07-05,11405.966796875
2011-07-06,11282.9189453125
2011-07-07,11425.966796875
2011-07-08,11285.01953125
2011-07-11,11135.3701171875
2011-07-12,11022.421875
2011-07-13,11142.1201171875
2011-07-14,11263.6689453125
2011-07-15,11234.4189453125
2011-07-18,11228.71875
2011-07-19,11313.7177734375
2011-07-20,11164.5703125
2011-07-21,11049.6708984375
2011-07-22,11291.8193359375
2011-07-25,11391.6669921875
2011-07-26,11114.4208984375
2011-07-27,11000.0224609375
2011-07-28,10828.3740234375
2011-07-29,10893.5234375
2011-08-01,10938.873046875
2011-08-02,10743.1748046875
2011-08-03,10639.42578125
2011-08-04,10536.927734375
2011-08-05,10354.3798828125
2011-08-08,10232.1806640625
2011-08-09,10196.431640625
2011-08-10,10463.078125
2011-08-11,10338.6796875
2011-08-12,10182.58203125
2011-08-16,10056.283203125
2011-08-17,9953.0849609375
2011-08-18,9601.388671875
2011-08-19,9404.740234375
2011-08-22,9407.240234375
2011-08-23,9488.58984375
2011-08-24,9331.7412109375
2011-08-25,9177.1435546875
2011-08-26,8974.4453125
2011-08-29,9342.341796875
2011-08-30,9533.2900390625
2011-09-02,9581.23828125
2011-09-05,9613.9384765625
2011-09-06,9657.4873046875
2011-09-07,9858.7861328125
2011-09-08,9919.9345703125
2011-09-09,9678.587890625
2011-09-12,9395.140625
2011-09-13,9339.591796875
2011-09-14,9472.33984375
2011-09-15,9660.2373046875
2011-09-16,9720.13671875
2011-09-19,9583.4384765625
2011-09-20,9812.5859375
2011-09-21,9928.884765625
2011-09-22,9520.4892578125
2011-09-23,9375.5908203125
2011-09-26,9384.390625
2011-09-27,9619.8388671875
2011-09-28,9512.0400390625
2011-09-29,9653.2880859375
2011-09-30,9468.189453125
2011-10-03,9185.7939453125
2011-10-04,8913.24609375
2011-10-05,8701.1982421875
2011-10-07,9038.14453125
2011-10-10,9168.7939453125
2011-10-11,9178.5439453125
2011-10-12,9482.189453125
2011-10-13,9591.138671875
2011-10-14,9660.2880859375
2011-10-17,9721.1865234375
2011-10-18,9583.7890625
2011-10-19,9841.2353515625
2011-10-20,9746.287109375
2011-10-21,9695.2373046875
2011-10-24,9647.7373046875
2011-10-25,9511.4892578125
2011-10-28,9916.9345703125
2011-10-31,9989.5341796875
2011-11-01,9822.1357421875
2011-11-02,9780.9365234375
2011-11-03,9782.38671875
2011-11-04,9836.2353515625
2011-11-08,9852.435546875
2011-11-09,9592.5390625
2011-11-11,9292.44140625
2011-11-14,9274.892578125
2011-11-15,9085.5947265625
2011-11-16,9061.4443359375
2011-11-17,8930.796875
2011-11-18,8850.1474609375
2011-11-21,8554.05078125
2011-11-22,8611.6005859375
2011-11-23,8399.2021484375
2011-11-24,8472.4013671875
2011-11-25,8488.5009765625
2011-11-28,8793.0478515625
2011-11-29,8623.7998046875
2011-11-30,8564.0
2011-12-01,8895.1962890625
2011-12-02,9172.6435546875
2011-12-05,9173.6435546875
2011-12-07,9176.1435546875
2011-12-08,8915.5966796875
2011-12-09,8810.9970703125
2011-12-12,8543.30078125
2011-12-13,8571.8505859375
2011-12-14,8532.900390625
2011-12-15,8445.0009765625
2011-12-16,8171.8046875
2011-12-19,7920.65771484375
2011-12-20,7798.458984375
2011-12-21,8189.0546875
2011-12-22,8384.552734375
2011-12-23,8296.353515625
2011-12-26,8374.4521484375
2011-12-27,8275.404296875
2011-12-28,8111.3056640625
2011-12-29,8027.306640625
2011-12-30,7968.55712890625
2012-01-02,7994.95703125
2012-01-03,8340.203125
2012-01-04,8408.302734375
2012-01-05,8454.8017578125
2012-01-06,8488.1513671875
2012-01-09,8481.2509765625
2012-01-10,8734.9482421875
2012-01-11,8839.59765625
2012-01-12,8930.146484375
2012-01-13,8974.9453125
2012-01-16,8940.146484375
2012-01-17,9056.5947265625
2012-01-18,9023.2958984375
2012-01-19,9199.2939453125
2012-01-20,9516.7392578125
2012-01-23,9520.189453125
2012-01-24,9833.8857421875
2012-01-25,9856.4853515625
2012-01-27,9813.5361328125
2012-01-30,9536.98828125
2012-01-31,9919.3349609375
2012-02-01,9948.984375
2012-02-02,9991.93359375
2012-02-03,10133.5322265625
2012-02-06,10269.130859375
2012-02-07,10324.4794921875
2012-02-08,10319.9794921875
2012-02-09,10507.4775390625
2012-02-10,10442.529296875
2012-02-13,10473.4775390625
2012-02-14,10556.52734375
2012-02-15,10930.5732421875
2012-02-16,10921.7734375
2012-02-17,11074.771484375
2012-02-21,11170.2705078125
2012-02-22,10747.025390625
2012-02-23,10713.224609375
2012-02-24,10506.677734375
2012-02-27,10103.8330078125
2012-02-28,10483.8779296875
2012-02-29,10414.0791015625
2012-03-01,10288.78125
2012-03-02,10434.1787109375
2012-03-05,10178.7314453125
2012-03-06,10058.033203125
2012-03-07,10132.7314453125
2012-03-09,10505.5283203125
2012-03-12,10625.52734375
2012-03-13,10686.076171875
2012-03-14,10889.5732421875
2012-03-15,10594.876953125
2012-03-16,10391.228515625
2012-03-19,10188.7314453125
2012-03-20,10281.48046875
2012-03-21,10524.328125
2012-03-22,10173.431640625
2012-03-23,10294.4296875
2012-03-26,10043.3828125
2012-03-27,10148.7314453125
2012-03-28,9960.2841796875
2012-03-29,9927.53515625
2012-03-30,10212.630859375
2012-04-02,10305.2294921875
2012-04-03,10432.478515625
2012-04-04,10339.9794921875
2012-04-09,10131.4814453125
2012-04-10,10195.931640625
2012-04-11,10214.130859375
2012-04-12,10400.5791015625
2012-04-13,10306.1298828125
2012-04-16,10432.5791015625
2012-04-17,10519.427734375
2012-04-18,10512.328125
2012-04-19,10567.77734375
2012-04-20,10456.37890625
2012-04-23,10243.03125
2012-04-24,10215.03125
2012-04-25,10159.7314453125
2012-04-26,10127.8818359375
2012-04-27,10148.58203125
2012-04-30,10276.6806640625
2012-05-02,10306.4794921875
2012-05-03,10126.431640625
2012-05-04,9802.2353515625
2012-05-07,9876.234375
2012-05-08,9588.638671875
2012-05-09,9404.6904296875
2012-05-10,9410.791015625
2012-05-11,9397.990234375
2012-05-14,9257.54296875
2012-05-15,9319.591796875
2012-05-16,9164.1435546875
2012-05-17,9154.09375
2012-05-18,9310.1416015625
2012-05-21,9411.890625
2012-05-22,9268.6923828125
2012-05-23,9209.79296875
2012-05-24,9437.490234375
2012-05-25,9456.189453125
2012-05-28,9698.1875
2012-05-29,9707.986328125
2012-05-30,9533.939453125
2012-05-31,9440.890625
2012-06-01,9267.4921875
2012-06-04,9362.19140625
2012-06-05,9460.0400390625
2012-06-06,9742.6865234375
2012-06-07,9950.78515625
2012-06-08,9998.7333984375
2012-06-11,9969.083984375
2012-06-12,10139.08203125
2012-06-13,10128.0322265625
2012-06-14,9836.8359375
2012-06-15,10064.6826171875
2012-06-18,9749.787109375
2012-06-19,9786.3369140625
2012-06-20,9831.685546875
2012-06-21,10033.5341796875
2012-06-22,10038.2333984375
2012-06-25,9925.634765625
2012-06-26,9969.9833984375
2012-06-27,10017.68359375
2012-06-28,10003.7333984375
2012-06-29,10340.5302734375
2012-07-02,10412.0791015625
2012-07-03,10481.177734375
2012-07-04,10529.328125
2012-07-05,10641.7763671875
2012-07-06,10655.2255859375
2012-07-09,10587.9267578125
2012-07-10,10751.4248046875
2012-07-11,10713.1748046875
2012-07-12,10616.1767578125
2012-07-13,10594.3271484375
2012-07-16,10568.0771484375
2012-07-17,10557.9267578125
2012-07-18,10606.9765625
2012-07-19,10621.9267578125
2012-07-20,10481.4775390625
2012-07-23,10274.48046875
2012-07-24,10298.8798828125
2012-07-25,10267.73046875
2012-07-26,10083.6826171875
2012-07-27,10140.431640625
2012-07-30,10412.029296875
2012-07-31,10383.978515625
2012-08-01,10419.779296875
2012-08-02,10379.478515625
2012-08-03,10315.4794921875
2012-08-06,10462.2783203125
2012-08-07,10591.8271484375
2012-08-08,10529.1279296875
2012-08-09,10445.779296875
2012-08-10,10358.830078125
2012-08-13,10401.1787109375
2012-08-14,10519.0283203125
2012-08-16,10426.62890625
2012-08-17,10417.779296875
2012-08-21,10469.3779296875
2012-08-22,10472.078125
2012-08-23,10457.5791015625
2012-08-24,10332.7294921875
2012-08-27,10150.2822265625
2012-08-28,10059.283203125
2012-08-29,10011.7841796875
2012-08-30,10085.0830078125
2012-08-31,9990.3837890625
2012-09-03,9962.8837890625
2012-09-04,10020.5341796875
2012-09-05,9827.7861328125
2012-09-06,9893.03515625
2012-09-07,10121.8828125
2012-09-10,10069.732421875
2012-09-11,10135.7822265625
2012-09-12,10183.33203125
2012-09-13,10207.681640625
2012-09-14,10642.7763671875
2012-09-17,10981.5224609375
2012-09-18,11043.3720703125
2012-09-20,10920.6728515625
2012-09-21,11358.3681640625
2012-09-24,11423.3671875
2012-09-25,11420.6171875
2012-09-26,11427.1171875
2012-09-27,11419.3173828125
2012-09-28,11456.6669921875
2012-10-01,11420.3173828125
2012-10-03,11414.8173828125
2012-10-04,11635.9150390625
2012-10-05,11511.2666015625
2012-10-08,11362.068359375
2012-10-09,11445.966796875
2012-10-10,11291.369140625
2012-10-11,11431.1669921875
2012-10-12,11388.3173828125
2012-10-15,11441.6669921875
2012-10-16,11347.8681640625
2012-10-17,11358.1181640625
2012-10-18,11586.21484375
2012-10-19,11491.06640625
2012-10-22,11607.265625
2012-10-23,11578.015625
2012-10-25,11614.365234375
2012-10-29,11472.0166015625
2012-10-30,11202.8701171875
2012-10-31,11268.6689453125
2012-11-01,11314.91796875
2012-11-02,11460.3173828125
2012-11-05,11475.0166015625
2012-11-06,11538.916015625
2012-11-07,11665.3642578125
2012-11-08,11613.4150390625
2012-11-09,11475.4658203125
2012-11-12,11583.71484375
2012-11-15,11521.2666015625
2012-11-16,11335.3681640625
2012-11-19,11306.818359375
2012-11-20,11318.16796875
2012-11-21,11465.216796875
2012-11-22,11508.2158203125
2012-11-23,11475.666015625
2012-11-26,11432.3173828125
2012-11-27,11657.2646484375
2012-11-29,11992.66015625
2012-11-30,12158.7587890625
2012-12-03,12103.759765625
2012-12-04,12197.0087890625
2012-12-05,12281.45703125
2012-12-06,12427.4052734375
2012-12-07,12363.556640625
2012-12-10,12381.5068359375
2012-12-11,12344.4560546875
2012-12-12,12301.5576171875
2012-12-13,12269.0078125
2012-12-14,12424.5556640625
2012-12-17,12427.3056640625
2012-12-18,12477.0048828125
2012-12-19,12510.1044921875
2012-12-20,12486.3544921875
2012-12-21,12314.90625
2012-12-24,12317.556640625
2012-12-26,12479.3046875
2012-12-27,12459.5556640625
2012-12-28,12458.005859375
2012-12-31,12474.10546875
2013-01-01,12654.0029296875
2013-01-02,12786.701171875
2013-01-03,12778.001953125
2013-01-04,12787.201171875
2013-01-07,12708.552734375
2013-01-08,12725.3525390625
2013-01-09,12717.8525390625
2013-01-10,12802.1015625
2013-01-11,12617.703125
2013-01-14,12758.6015625
2013-01-15,12855.2509765625
2013-01-16,12638.353515625
2013-01-17,12649.4521484375
2013-01-18,12679.8525390625
2013-01-21,12651.2021484375
2013-01-22,12574.203125
2013-01-23,12635.0537109375
2013-01-24,12561.25390625
2013-01-25,12693.1025390625
2013-01-28,12781.201171875
2013-01-29,12722.65234375
2013-01-30,12767.3515625
2013-01-31,12708.4521484375
2013-02-01,12606.103515625
2013-02-04,12548.2041015625
2013-02-05,12467.60546875
2013-02-06,12417.5556640625
2013-02-07,12349.15625
2013-02-08,12280.0078125
2013-02-11,12332.8564453125
2013-02-12,12405.10546875
2013-02-13,12384.9560546875
2013-02-14,12311.15625
2013-02-15,12336.40625
2013-02-18,12347.056640625
2013-02-19,12413.505859375
2013-02-20,12363.556640625
2013-02-21,12055.3603515625
2013-02-22,12068.8095703125
2013-02-25,12037.16015625
2013-02-26,11844.7119140625
2013-02-27,11930.361328125
2013-02-28,11487.2158203125
2013-03-01,11539.916015625
2013-03-04,11575.46484375
2013-03-05,11791.9130859375
2013-03-06,11876.0625
2013-03-07,11970.111328125
2013-03-08,12197.1083984375
2013-03-11,12165.2587890625
2013-03-12,12054.3603515625
2013-03-13,11777.36328125
2013-03-14,12020.6103515625
2013-03-15,11816.412109375
2013-03-18,11735.36328125
2013-03-19,11507.916015625
2013-03-20,11254.71875
2013-03-21,11238.21875
2013-03-22,11203.919921875
2013-03-25,11125.521484375
2013-03-26,11163.3203125
2013-03-28,11361.7177734375
2013-04-01,11425.4169921875
2013-04-02,11523.2666015625
2013-04-03,11343.9677734375
2013-04-04,11126.12109375
2013-04-05,11098.8212890625
2013-04-08,11012.5224609375
2013-04-09,10929.0234375
2013-04-10,11122.12109375
2013-04-11,11306.3681640625
2013-04-12,11409.966796875
2013-04-15,11526.1162109375
2013-04-16,11871.4619140625
2013-04-17,11980.91015625
2013-04-18,12288.107421875
2013-04-22,12576.0537109375
2013-04-23,12543.2548828125
2013-04-25,12726.7021484375
2013-04-26,12533.0048828125
2013-04-29,12609.00390625
2013-04-30,12561.4033203125
2013-05-02,12709.802734375
2013-05-03,12393.455078125
2013-05-06,12396.255859375
2013-05-07,12631.353515625
2013-05-08,12642.9033203125
2013-05-09,12596.1533203125
2013-05-10,12752.1513671875
2013-05-13,12568.703125
2013-05-14,12583.453125
2013-05-15,13077.748046875
2013-05-16,13239.2958984375
2013-05-17,13316.9453125
2013-05-20,13181.3466796875
2013-05-21,13066.34765625
2013-05-22,13008.0986328125
2013-05-23,12636.353515625
2013-05-24,12769.201171875
2013-05-27,12961.3994140625
2013-05-28,12949.849609375
2013-05-29,12853.05078125
2013-05-30,12805.751953125
2013-05-31,12475.505859375
2013-06-03,12401.955078125
2013-06-04,12274.95703125
2013-06-05,12289.20703125
2013-06-06,12398.255859375
2013-06-07,12231.357421875
2013-06-10,12086.9091796875
2013-06-11,11820.3623046875
2013-06-12,11814.7119140625
2013-06-13,11686.6142578125
2013-06-14,11922.7109375
2013-06-17,11970.9111328125
2013-06-18,11820.8125
2013-06-19,11852.5126953125
2013-06-20,11375.2685546875
2013-06-21,11340.0185546875
2013-06-24,11178.169921875
2013-06-25,11180.919921875
2013-06-26,11066.4208984375
2013-06-27,11235.619140625
2013-06-28,11617.115234375
2013-07-01,11714.7646484375
2013-07-02,11614.115234375
2013-07-03,11357.66796875
2013-07-04,11381.068359375
2013-07-05,11434.1669921875
2013-07-08,11283.1689453125
2013-07-09,11442.3173828125
2013-07-10,11364.318359375
2013-07-11,11655.1640625
2013-07-12,11722.6630859375
2013-07-15,11790.11328125
2013-07-16,11226.01953125
2013-07-17,10971.4716796875
2013-07-18,11187.5703125
2013-07-19,10973.7724609375
2013-07-22,11086.8212890625
2013-07-23,11239.5693359375
2013-07-24,10720.025390625
2013-07-25,10613.876953125
2013-07-26,10465.1279296875
2013-07-29,10330.8798828125
2013-07-30,10209.4306640625
2013-07-31,10015.6337890625
2013-08-01,10142.83203125
2013-08-02,9997.68359375
2013-08-05,10094.783203125
2013-08-06,9702.9873046875
2013-08-07,9757.13671875
2013-08-08,9816.2861328125
2013-08-12,9711.287109375
2013-08-13,9985.5341796875
2013-08-14,10026.2841796875
2013-08-16,9450.740234375
2013-08-19,9144.8935546875
2013-08-20,9218.8427734375
2013-08-21,9264.29296875
2013-08-22,9268.79296875
2013-08-23,9469.9892578125
2013-08-26,9373.4404296875
2013-08-27,8870.396484375
2013-08-28,8760.748046875
2013-08-29,8904.49609375
2013-08-30,9049.0947265625
2013-09-02,9139.3935546875
2013-09-03,8664.099609375
2013-09-04,8845.6474609375
2013-09-05,9682.2880859375
2013-09-06,9961.2841796875
2013-09-10,10188.1318359375
2013-09-11,10368.9794921875
2013-09-12,10158.431640625
2013-09-13,10180.33203125
2013-09-16,10368.2802734375
2013-09-17,10279.48046875
2013-09-18,10447.728515625
2013-09-19,11148.5205078125
2013-09-20,10686.67578125
2013-09-23,10211.5810546875
2013-09-24,10175.7822265625
2013-09-25,10081.5830078125
2013-09-26,10098.1328125
2013-09-27,9899.634765625
2013-09-30,9617.6884765625
2013-10-01,9883.1845703125
2013-10-03,10222.8310546875
2013-10-04,10197.0322265625
2013-10-07,10081.982421875
2013-10-08,10141.33203125
2013-10-09,10334.830078125
2013-10-10,10288.8310546875
2013-10-11,10622.02734375
2013-10-14,10665.1259765625
2013-10-15,10389.12890625
2013-10-17,10336.4296875
2013-10-18,10744.775390625
2013-10-21,10797.423828125
2013-10-22,10808.9736328125
2013-10-23,10880.5244140625
2013-10-24,10902.3232421875
2013-10-25,10896.373046875
2013-10-28,10773.0751953125
2013-10-29,11241.51953125
2013-10-30,11249.21875
2013-10-31,11473.0166015625
2013-11-01,11628.515625
2013-11-05,11498.7666015625
2013-11-06,11292.4189453125
2013-11-07,11054.771484375
2013-11-08,10913.0234375
2013-11-11,10758.3251953125
2013-11-12,10582.9267578125
2013-11-13,10523.2275390625
2013-11-14,10811.07421875
2013-11-18,11142.169921875
2013-11-19,11187.7197265625
2013-11-20,10967.0224609375
2013-11-21,10706.7763671875
2013-11-22,10677.2255859375
2013-11-25,11083.271484375
2013-11-26,10909.22265625
2013-11-27,10899.1728515625
2013-11-28,10906.623046875
2013-11-29,11153.8203125
2013-12-02,11284.21875
2013-12-03,11211.169921875
2013-12-04,11156.6201171875
2013-12-05,11664.9638671875
2013-12-06,11720.064453125
2013-12-09,12065.759765625
2013-12-10,11843.3125
2013-12-11,11784.212890625
2013-12-12,11635.365234375
2013-12-13,11366.7685546875
2013-12-16,11372.818359375
2013-12-17,11208.5205078125
2013-12-18,11357.7685546875
2013-12-19,11087.3212890625
2013-12-20,11292.21875
2013-12-23,11378.3681640625
2013-12-24,11330.5185546875
2013-12-26,11385.6171875
2013-12-27,11459.5673828125
2013-12-30,11375.8681640625
2013-12-31,11385.1171875
2014-01-01,11385.466796875
2014-01-02,11183.0703125
2014-01-03,11181.5205078125
2014-01-06,11048.9208984375
2014-01-07,11036.6220703125
2014-01-08,11053.5712890625
2014-01-09,10970.322265625
2014-01-10,10805.173828125
2014-01-13,11021.4716796875
2014-01-14,10948.7734375
2014-01-15,11125.271484375
2014-01-16,11092.4208984375
2014-01-17,10911.22265625
2014-01-20,11007.3720703125
2014-01-21,11171.3701171875
2014-01-22,11207.2197265625
2014-01-23,11198.8701171875
2014-01-24,10982.2724609375
2014-01-27,10540.2783203125
2014-01-28,10507.4775390625
2014-01-29,10437.62890625
2014-01-30,10153.0322265625
2014-01-31,10237.630859375
2014-02-03,10101.982421875
2014-02-04,10191.08203125
2014-02-05,10231.53125
2014-02-06,10205.08203125
2014-02-07,10263.0810546875
2014-02-10,10213.78125
2014-02-11,10245.3310546875
2014-02-12,10348.6796875
2014-02-13,10135.58203125
2014-02-14,10203.6318359375
2014-02-17,10326.4296875
2014-02-18,10575.0771484375
2014-02-19,10609.4765625
2014-02-20,10428.1787109375
2014-02-21,10554.2265625
2014-02-24,10683.3759765625
2014-02-25,10666.6259765625
2014-02-26,10730.275390625
2014-02-28,10764.5751953125
2014-03-03,10651.826171875
2014-03-04,10928.9228515625
2014-03-05,11098.6708984375
2014-03-06,11278.21875
2014-03-07,11884.6123046875
2014-03-10,12107.958984375
2014-03-11,12043.0107421875
2014-03-12,12023.9599609375
2014-03-13,12141.30859375
2014-03-14,12055.7099609375
2014-03-18,12114.708984375
2014-03-19,12186.408203125
2014-03-20,12017.1103515625
2014-03-21,12092.208984375
2014-03-24,12408.005859375
2014-03-25,12449.85546875
2014-03-26,12518.2041015625
2014-03-27,12604.8037109375
2014-03-28,12754.5517578125
2014-03-31,12741.9013671875
2014-04-01,12588.353515625
2014-04-02,12715.15234375
2014-04-03,12563.703125
2014-04-04,12551.5546875
2014-04-07,12506.3046875
2014-04-09,12937.25
2014-04-10,12949.25
2014-04-11,12840.05078125
2014-04-15,12579.75390625
2014-04-16,12563.00390625
2014-04-17,12787.1015625
2014-04-21,12958.349609375
2014-04-22,12986.9482421875
2014-04-23,13121.947265625
2014-04-25,13034.3486328125
2014-04-28,13081.3974609375
2014-04-29,12910.3994140625
2014-04-30,12855.7001953125
2014-05-02,12841.8505859375
2014-05-05,12880.5009765625
2014-05-06,12965.8994140625
2014-05-07,12938.0498046875
2014-05-08,13037.2490234375
2014-05-09,13750.33984375
2014-05-12,14084.8857421875
2014-05-13,14165.384765625
2014-05-14,14206.9345703125
2014-05-15,14236.384765625
2014-05-16,14852.8271484375
2014-05-19,15221.9736328125
2014-05-20,15111.0244140625
2014-05-21,14951.92578125
2014-05-22,15055.375
2014-05-23,15285.322265625
2014-05-26,15175.7236328125
2014-05-27,15083.82421875
2014-05-28,15173.1728515625
2014-05-29,15030.125
2014-05-30,14793.228515625
2014-06-02,15287.072265625
2014-06-03,15257.322265625
2014-06-04,15333.22265625
2014-06-05,15281.97265625
2014-06-06,15542.9697265625
2014-06-09,15567.2197265625
2014-06-10,15427.6201171875
2014-06-11,15450.3701171875
2014-06-12,15464.669921875
2014-06-13,15106.724609375
2014-06-16,15029.8251953125
2014-06-17,15373.021484375
2014-06-18,15220.2236328125
2014-06-19,15067.2255859375
2014-06-20,14997.4765625
2014-06-23,15076.1748046875
2014-06-24,15309.322265625
2014-06-25,15237.6728515625
2014-06-26,15049.8251953125
2014-06-27,14992.17578125
2014-06-30,15241.7236328125
2014-07-01,15321.171875
2014-07-02,15490.169921875
2014-07-03,15451.470703125
2014-07-04,15555.9697265625
2014-07-07,15367.4208984375
2014-07-08,14997.326171875
2014-07-09,14930.92578125
2014-07-10,14821.5283203125
2014-07-11,14447.0322265625
2014-07-14,14489.58203125
2014-07-15,14891.7275390625
2014-07-16,15265.2724609375
2014-07-17,15268.8720703125
2014-07-18,15389.1708984375
2014-07-21,15385.771484375
2014-07-22,15427.169921875
2014-07-23,15462.8203125
2014-07-24,15534.1689453125
2014-07-25,15322.072265625
2014-07-28,15211.9736328125
2014-07-30,15452.220703125
2014-07-31,15267.421875
2014-08-01,15127.6240234375
2014-08-04,15242.1728515625
2014-08-05,15293.072265625
2014-08-06,15008.4755859375
2014-08-07,14986.67578125
2014-08-08,14765.578125
2014-08-11,14846.626953125
2014-08-12,15056.525390625
2014-08-13,14910.7275390625
2014-08-14,15089.474609375
2014-08-18,15439.5703125
2014-08-19,15524.4697265625
2014-08-20,15481.5205078125
2014-08-21,15662.0185546875
2014-08-22,15818.966796875
2014-08-25,15668.818359375
2014-08-26,15623.91796875
2014-08-27,15717.4677734375
2014-08-28,15740.2177734375
2014-09-01,16012.61328125
2014-09-02,16130.3623046875
2014-09-03,16109.8125
2014-09-04,16033.36328125
2014-09-05,15982.314453125
2014-09-08,16206.51171875
2014-09-09,16156.5625
2014-09-10,16151.5625
2014-09-11,16203.9619140625
2014-09-12,16253.9619140625
2014-09-15,16167.3623046875
2014-09-16,15843.9150390625
2014-09-17,15838.4150390625
2014-09-18,16156.662109375
2014-09-19,16151.962890625
2014-09-22,16194.361328125
2014-09-23,15902.6650390625
2014-09-24,15740.1171875
2014-09-25,15298.8720703125
2014-09-26,15607.068359375
2014-09-29,15473.3701171875
2014-09-30,15392.0712890625
2014-10-01,15316.0224609375
2014-10-07,15180.0732421875
2014-10-08,15343.8212890625
2014-10-09,15741.017578125
2014-10-10,15453.6201171875
2014-10-13,15677.3173828125
2014-10-14,15751.3671875
2014-10-16,15541.4189453125
2014-10-17,15929.6142578125
2014-10-20,16216.4111328125
2014-10-21,16427.05859375
2014-10-22,16444.5078125
2014-10-27,16556.40625
2014-10-28,16666.806640625
2014-10-29,16633.857421875
2014-10-30,16759.85546875
2014-10-31,17044.853515625
2014-11-03,17133.900390625
2014-11-05,17352.748046875
2014-11-07,17346.849609375
2014-11-10,17262.19921875
2014-11-11,17389.998046875
2014-11-12,17586.845703125
2014-11-13,17452.796875
2014-11-14,17576.595703125
2014-11-17,17640.1953125
2014-11-18,17702.345703125
2014-11-19,17585.4453125
2014-11-20,17644.845703125
2014-11-21,18056.091796875
2014-11-24,18281.736328125
2014-11-25,18036.841796875
2014-11-26,17975.740234375
2014-11-27,18022.291015625
2014-11-28,18512.935546875
2014-12-01,18525.0859375
2014-12-02,18555.634765625
2014-12-03,18645.6328125
2014-12-04,18782.630859375
2014-12-05,18756.53125
2014-12-08,18509.8359375
2014-12-09,18290.4375
2014-12-10,18462.734375
2014-12-11,18404.78515625
2014-12-12,18299.537109375
2014-12-15,18372.4375
2014-12-16,17830.34375
2014-12-17,17865.54296875
2014-12-18,18326.38671875
2014-12-19,18478.685546875
2014-12-22,18747.130859375
2014-12-23,18603.533203125
2014-12-24,18535.134765625
2014-12-26,18556.984375
2014-12-29,18528.134765625
2014-12-30,18647.333984375
2014-12-31,18736.431640625
2015-01-01,18750.23046875
2015-01-02,19057.580078125
2015-01-05,19017.1796875
2015-01-06,18430.53515625
2015-01-07,18304.037109375
2015-01-08,18701.18359375
2015-01-09,18637.033203125
2015-01-12,18795.630859375
2015-01-13,18706.982421875
2015-01-14,18603.583984375
2015-01-15,19235.427734375
2015-01-16,19222.927734375
2015-01-19,19405.826171875
2015-01-20,19766.8203125
2015-01-21,19843.01953125
2015-01-22,19917.41796875
2015-01-23,20072.466796875
2015-01-27,20555.01171875
2015-01-28,20491.51171875
2015-01-29,20528.361328125
2015-01-30,19843.51953125
2015-02-02,19865.669921875
2015-02-03,19382.724609375
2015-02-04,19173.77734375
2015-02-05,19051.6796875
2015-02-06,18786.48046875
2015-02-09,18403.634765625
2015-02-10,18752.28125
2015-02-11,18940.580078125
2015-02-12,19128.376953125
2015-02-13,19369.474609375
2015-02-16,19189.7265625
2015-02-18,19296.275390625
2015-02-19,19188.078125
2015-02-20,19073.328125
2015-02-23,18913.1796875
2015-02-24,18883.58203125
2015-02-25,18732.833984375
2015-02-26,18537.884765625
2015-02-27,19074.328125
2015-03-02,20007.8671875
2015-03-03,19960.966796875
2015-03-04,19643.671875
2015-03-05,19747.76953125
2015-03-09,19145.328125
2015-03-10,19054.1796875
2015-03-11,19043.779296875
2015-03-12,19141.626953125
2015-03-13,18779.58203125
2015-03-16,18837.130859375
2015-03-17,19058.029296875
2015-03-18,19147.02734375
2015-03-19,18810.931640625
2015-03-20,18606.1328125
2015-03-23,18448.78515625
2015-03-24,18331.236328125
2015-03-25,18309.88671875
2015-03-26,17831.443359375
2015-03-27,18044.591796875
2015-03-30,18361.587890625
2015-03-31,18206.439453125
2015-04-01,18617.6328125
2015-04-06,18605.232421875
2015-04-07,18469.0859375
2015-04-08,18416.384765625
2015-04-09,18875.630859375
2015-04-10,18800.630859375
2015-04-13,18798.03125
2015-04-15,18716.083984375
2015-04-16,18636.833984375
2015-04-17,18345.337890625
2015-04-20,18112.5390625
2015-04-21,18105.5390625
2015-04-22,18243.486328125
2015-04-23,18245.38671875
2015-04-24,18001.69140625
2015-04-27,17767.392578125
2015-04-28,18246.037109375
2015-04-29,18302.4375
2015-04-30,18337.88671875
2015-05-04,18501.0859375
2015-05-05,18471.234375
2015-05-06,17799.34375
2015-05-07,17376.69921875
2015-05-08,17796.392578125
2015-05-11,18199.5390625
2015-05-12,17628.4453125
2015-05-13,18097.23828125
2015-05-14,18115.98828125
2015-05-15,18182.939453125
2015-05-18,18422.734375
2015-05-19,18380.1875
2015-05-20,18554.935546875
2015-05-21,18512.935546875
2015-05-22,18433.0859375
2015-05-25,18324.63671875
2015-05-26,18329.087890625
2015-05-27,18538.634765625
2015-05-28,18448.984375
2015-05-29,18721.1328125
2015-06-01,18616.783203125
2015-06-02,17977.091796875
2015-06-03,17721.1953125
2015-06-04,17718.994140625
2015-06-05,17549.046875
2015-06-08,17432.396484375
2015-06-09,17489.697265625
2015-06-10,17707.044921875
2015-06-11,17304.19921875
2015-06-12,17523.34765625
2015-06-15,17458.49609375
2015-06-16,17602.244140625
2015-06-17,17583.845703125
2015-06-18,17733.34375
2015-06-19,17880.642578125
2015-06-22,18334.287109375
2015-06-23,18391.13671875
2015-06-24,18365.337890625
2015-06-25,18492.685546875
2015-06-26,18371.287109375
2015-06-29,18241.037109375
2015-06-30,18295.88671875
2015-07-01,18581.3828125
2015-07-02,18585.333984375
2015-07-03,18729.43359375
2015-07-06,18824.931640625
2015-07-07,18798.28125
2015-07-08,18462.935546875
2015-07-09,18508.484375
2015-07-10,18719.583984375
2015-07-13,18893.33203125
2015-07-14,18779.98046875
2015-07-15,18816.03125
2015-07-16,19167.828125
2015-07-17,19094.4765625
2015-07-20,19032.478515625
2015-07-21,18723.18359375
2015-07-22,18996.779296875
2015-07-23,18864.78125
2015-07-24,18635.6328125
2015-07-27,18212.83984375
2015-07-28,18282.587890625
2015-07-29,18323.1875
2015-07-30,18440.185546875
2015-07-31,18729.6328125
2015-08-03,18914.478515625
2015-08-04,18972.37890625
2015-08-05,18928.330078125
2015-08-06,19029.12890625
2015-08-07,18893.33203125
2015-08-10,18874.78125
2015-08-11,18616.68359375
2015-08-12,18059.541015625
2015-08-13,18175.189453125
2015-08-14,18723.3828125
2015-08-17,18821.83203125
2015-08-18,18780.630859375
2015-08-19,18703.033203125
2015-08-20,18282.88671875
2015-08-21,18056.990234375
2015-08-24,16811.60546875
2015-08-25,17192.55078125
2015-08-26,16917.453125
2015-08-27,17214.201171875
2015-08-28,17211.75
2015-08-31,17146.3515625
2015-09-01,16530.109375
2015-09-02,16252.51171875
2015-09-03,16555.20703125
2015-09-04,16128.912109375
2015-09-07,15789.916015625
2015-09-08,16350.759765625
2015-09-09,16631.306640625
2015-09-10,16597.45703125
2015-09-11,16612.40625
2015-09-14,16911.603515625
2015-09-15,16739.35546875
2015-09-16,16964.65234375
2015-09-18,17408.947265625
2015-09-21,17542.697265625
2015-09-22,17030.953125
2015-09-23,17255.099609375
2015-09-24,17196.451171875
2015-09-28,17100.1015625
2015-09-29,17280.998046875
2015-09-30,17216.1015625
2015-10-01,17150.0
2015-10-05,17673.845703125
2015-10-06,17605.14453125
2015-10-07,17616.595703125
2015-10-08,17474.09765625
2015-10-09,17590.044921875
2015-10-12,17582.9453125
2015-10-13,17554.646484375
2015-10-14,17543.046875
2015-10-15,17685.89453125
2015-10-16,17912.640625
2015-10-19,17854.84375
2015-10-20,17830.04296875
2015-10-21,17710.345703125
2015-10-23,17933.841796875
2015-10-26,17814.84375
2015-10-27,17806.09375
2015-10-28,17372.94921875
2015-10-29,17212.0
2015-10-30,17354.298828125
2015-11-02,17340.3984375
2015-11-03,17325.3984375
2015-11-04,17220.8515625
2015-11-05,16994.90234375
2015-11-06,17086.30078125
2015-11-09,17002.802734375
2015-11-10,16835.8046875
2015-11-13,16932.65234375
2015-11-16,17184.701171875
2015-11-17,17140.25
2015-11-18,16811.904296875
2015-11-19,17071.701171875
2015-11-20,17055.40234375
2015-11-23,17060.05078125
2015-11-24,16988.453125
2015-11-26,17036.353515625
2015-11-27,17370.748046875
2015-11-30,17430.197265625
2015-12-01,17398.34765625
2015-12-02,17218.30078125
2015-12-03,17109.900390625
2015-12-04,16897.103515625
2015-12-07,16946.802734375
2015-12-08,16800.955078125
2015-12-09,16660.556640625
2015-12-10,16710.857421875
2015-12-11,16342.3095703125
2015-12-14,16350.4599609375
2015-12-15,16398.458984375
2015-12-16,16579.20703125
2015-12-17,16741.3046875
2015-12-18,16594.107421875
2015-12-21,16824.955078125
2015-12-22,16749.00390625
2015-12-23,16882.3046875
2015-12-24,16810.8046875
2015-12-28,16978.953125
2015-12-29,16991.251953125
2015-12-30,16917.703125
2015-12-31,16922.001953125
2016-01-01,17039.052734375
2016-01-04,16598.95703125
2016-01-05,16542.30859375
2016-01-06,16432.958984375
2016-01-07,16073.6630859375
2016-01-08,16142.462890625
2016-01-11,16016.0634765625
2016-01-12,15734.6171875
2016-01-13,15871.6650390625
2016-01-14,15609.6181640625
2016-01-15,15206.123046875
2016-01-18,15020.625
2016-01-19,15269.47265625
2016-01-20,14935.326171875
2016-01-21,15101.0244140625
2016-01-22,15497.3701171875
2016-01-25,15560.9697265625
2016-01-27,15534.4189453125
2016-01-28,15381.271484375
2016-01-29,15522.2197265625
2016-02-01,15314.2724609375
2016-02-02,15067.8251953125
2016-02-03,14833.876953125
2016-02-04,14868.9775390625
2016-02-05,15161.8740234375
2016-02-08,15046.625
2016-02-09,14874.9267578125
2016-02-10,14588.2802734375
2016-02-11,14028.38671875
2016-02-12,13971.337890625
2016-02-15,14444.83203125
2016-02-16,14166.28515625
2016-02-17,14119.685546875
2016-02-18,14297.984375
2016-02-19,14344.033203125
2016-02-22,14384.6328125
2016-02-23,14008.1865234375
2016-02-24,13793.8896484375
2016-02-25,13555.54296875
2016-02-26,13791.2900390625
2016-02-29,13946.23828125
2016-03-01,14412.732421875
2016-03-02,15092.2744140625
2016-03-03,15177.5732421875
2016-03-04,15339.021484375
2016-03-08,15146.32421875
2016-03-09,15278.8720703125
2016-03-10,15180.4736328125
2016-03-11,15168.0234375
2016-03-14,15277.6220703125
2016-03-15,15326.6220703125
2016-03-16,15461.5205078125
2016-03-17,15443.8203125
2016-03-18,15654.66796875
2016-03-21,15925.9140625
2016-03-22,15935.814453125
2016-03-23,15887.5654296875
2016-03-28,15604.71875
2016-03-29,15666.068359375
2016-03-30,16134.662109375
2016-03-31,16141.462890625
2016-04-01,16174.7119140625
2016-04-04,16190.4111328125
2016-04-05,15694.8173828125
2016-04-06,15636.7685546875
2016-04-07,15530.5693359375
2016-04-08,15568.1689453125
2016-04-11,15818.31640625
2016-04-12,15880.015625
2016-04-13,16278.3603515625
2016-04-18,16222.51171875
2016-04-20,16349.509765625
2016-04-21,16636.95703125
2016-04-22,16703.20703125
2016-04-25,16678.45703125
2016-04-26,17002.353515625
2016-04-27,16872.75390625
2016-04-28,16716.70703125
2016-04-29,16794.8046875
2016-05-02,16542.80859375
2016-05-03,16388.5078125
2016-05-04,16274.060546875
2016-05-05,16280.810546875
2016-05-06,16296.41015625
2016-05-09,16685.90625
2016-05-10,16784.75390625
2016-05-11,16754.25390625
2016-05-12,16923.501953125
2016-05-13,16716.70703125
2016-05-16,16737.35546875
2016-05-17,16762.5546875
2016-05-18,16728.75390625
2016-05-19,16565.056640625
2016-05-20,16481.2578125
2016-05-23,16407.359375
2016-05-24,16456.458984375
2016-05-25,16997.251953125
2016-05-26,17359.099609375
2016-05-27,17511.59765625
2016-05-30,17520.447265625
2016-05-31,17620.6953125
2016-06-01,17423.24609375
2016-06-02,17567.595703125
2016-06-03,17680.595703125
2016-06-06,17671.1953125
2016-06-07,17947.94140625
2016-06-08,17946.591796875
2016-06-09,17887.4921875
2016-06-10,17828.392578125
2016-06-13,17593.744140625
2016-06-14,17672.1953125
2016-06-15,17917.69140625
2016-06-16,17671.095703125
2016-06-17,17695.845703125
2016-06-20,17718.39453125
2016-06-21,17618.89453125
2016-06-22,17625.845703125
2016-06-23,17892.2421875
2016-06-24,17425.84765625
2016-06-27,17514.74609375
2016-06-28,17561.345703125
2016-06-29,17689.6953125
2016-06-30,17935.19140625
2016-07-01,17985.44140625
2016-07-04,18097.439453125
2016-07-05,18004.041015625
2016-07-07,18084.689453125
2016-07-08,18016.041015625
2016-07-11,18390.736328125
2016-07-12,18667.3828125
2016-07-13,18618.732421875
2016-07-14,18863.53125
2016-07-15,18953.4296875
2016-07-18,18923.1796875
2016-07-19,18904.9296875
2016-07-20,18967.978515625
2016-07-21,18674.083984375
2016-07-22,18690.18359375
2016-07-25,18989.37890625
2016-07-26,18860.630859375
2016-07-27,19021.728515625
2016-07-28,19076.328125
2016-07-29,18952.9296875
2016-08-01,18740.380859375
2016-08-02,18708.033203125
2016-08-03,18601.783203125
2016-08-04,18571.482421875
2016-08-05,18925.728515625
2016-08-08,18939.228515625
2016-08-09,18933.080078125
2016-08-10,18647.583984375
2016-08-11,18640.18359375
2016-08-12,18963.478515625
2016-08-16,19001.9296875
2016-08-17,19041.029296875
2016-08-18,19352.576171875
2016-08-19,19414.47265625
2016-08-22,19330.025390625
2016-08-23,19341.42578125
2016-08-24,19355.375
2016-08-25,19304.025390625
2016-08-26,19195.52734375
2016-08-29,19216.77734375
2016-08-30,19531.32421875
2016-08-31,19787.369140625
2016-09-01,19788.619140625
2016-09-02,19882.96875
2016-09-06,20425.9609375
2016-09-07,20406.6640625
2016-09-08,20417.01171875
2016-09-09,20245.06640625
2016-09-12,19790.369140625
2016-09-14,19908.919921875
2016-09-15,19837.3203125
2016-09-16,19855.21875
2016-09-19,19906.619140625
2016-09-20,19852.0703125
2016-09-21,19828.21875
2016-09-22,20109.365234375
2016-09-23,19901.5703125
2016-09-26,19591.521484375
2016-09-27,19518.47265625
2016-09-28,19653.322265625
2016-09-29,19183.427734375
2016-09-30,19285.474609375
2016-10-03,19588.822265625
2016-10-04,19672.470703125
2016-10-05,19536.623046875
2016-10-06,19394.826171875
2016-10-07,19399.875
2016-10-10,19378.326171875
2016-10-13,18954.029296875
2016-10-14,19019.9296875
2016-10-17,19070.1796875
2016-10-18,19494.82421875
2016-10-19,19411.873046875
2016-10-20,19658.470703125
2016-10-21,19710.671875
2016-10-24,19807.669921875
2016-10-25,19834.669921875
2016-10-26,19483.373046875
2016-10-27,19514.373046875
2016-10-28,19555.72265625
2016-11-01,19458.373046875
2016-11-02,19227.677734375
2016-11-03,19178.4765625
2016-11-04,19057.87890625
2016-11-07,19355.775390625
2016-11-08,19500.57421875
2016-11-09,19518.0234375
2016-11-10,20200.015625
2016-11-11,19738.572265625
2016-11-15,19289.525390625
2016-11-16,19107.876953125
2016-11-17,19087.626953125
2016-11-18,18958.830078125
2016-11-21,18446.185546875
2016-11-22,18548.435546875
2016-11-23,18540.685546875
2016-11-24,18255.88671875
2016-11-25,18507.0859375
2016-11-28,18301.236328125
2016-11-29,18223.5390625
2016-11-30,18627.583984375
2016-12-01,18428.234375
2016-12-02,18247.4375
2016-12-05,18408.685546875
2016-12-06,18420.685546875
2016-12-07,18233.9375
2016-12-08,18515.234375
2016-12-09,18695.583984375
2016-12-12,18392.736328125
2016-12-13,18465.8359375
2016-12-14,18341.287109375
2016-12-15,18400.935546875
2016-12-16,18312.587890625
2016-12-19,18256.837890625
2016-12-20,18069.189453125
2016-12-21,18084.2890625
2016-12-22,17891.2421875
2016-12-23,17883.79296875
2016-12-26,17655.345703125
2016-12-27,17879.34375
2016-12-28,17876.4921875
2016-12-29,18032.94140625
2016-12-30,18176.98828125
2017-01-02,17969.390625
2017-01-03,18035.390625
2017-01-04,17890.79296875
2017-01-05,18115.73828125
2017-01-06,18263.787109375
2017-01-09,18286.4375
2017-01-10,18409.384765625
2017-01-11,18829.78125
2017-01-12,18873.73046875
2017-01-13,18911.87890625
2017-01-16,19096.2265625
2017-01-17,19066.830078125
2017-01-18,19164.27734375
2017-01-19,19124.02734375
2017-01-20,18820.58203125
2017-01-23,18842.48046875
2017-01-24,19023.279296875
2017-01-25,19472.97265625
2017-01-27,19708.072265625
2017-01-30,19585.021484375
2017-01-31,19514.923828125
2017-02-01,20020.3671875
2017-02-02,20070.068359375
2017-02-03,20196.56640625
2017-02-06,20371.36328125
2017-02-07,20327.013671875
2017-02-08,20245.166015625
2017-02-09,20150.916015625
2017-02-10,20213.666015625
2017-02-13,20251.564453125
2017-02-14,20257.86328125
2017-02-15,20163.46484375
2017-02-16,20243.46484375
2017-02-17,20551.111328125
2017-02-20,20676.859375
2017-02-21,20860.70703125
2017-02-22,20868.20703125
2017-02-23,20876.408203125
2017-02-27,20612.810546875
2017-02-28,20607.009765625
2017-03-01,20783.5078125
2017-03-02,20559.8125
2017-03-03,20495.361328125
2017-03-06,20663.41015625
2017-03-07,20627.259765625
2017-03-08,20676.310546875
2017-03-09,20721.109375
2017-03-10,20727.310546875
2017-03-14,21102.453125
2017-03-15,21157.654296875
2017-03-16,21249.654296875
2017-03-17,21174.8046875
2017-03-20,21110.00390625
2017-03-21,21018.755859375
2017-03-22,20781.107421875
2017-03-23,20895.2578125
2017-03-24,21122.3046875
2017-03-27,21056.65625
2017-03-28,21225.154296875
2017-03-29,21390.90234375
2017-03-30,21620.447265625
2017-03-31,21443.900390625
2017-04-03,21547.5
2017-04-05,21652.447265625
2017-04-06,21622.697265625
2017-04-07,21430.900390625
2017-04-10,21519.900390625
2017-04-11,21735.8984375
2017-04-12,21666.548828125
2017-04-13,21686.34765625
2017-04-17,21647.34765625
2017-04-18,21671.59765625
2017-04-19,21556.099609375
2017-04-20,21491.150390625
2017-04-21,21551.19921875
2017-04-24,21857.146484375
2017-04-25,22054.443359375
2017-04-26,22242.591796875
2017-04-27,22326.041015625
2017-04-28,22357.990234375
2017-05-02,22341.08984375
2017-05-03,22307.041015625
2017-05-04,22719.8359375
2017-05-05,22604.685546875
2017-05-08,22767.0859375
2017-05-09,22707.037109375
2017-05-10,22830.083984375
2017-05-11,22818.18359375
2017-05-12,22671.435546875
2017-05-15,22821.234375
2017-05-16,22928.333984375
2017-05-17,22935.68359375
2017-05-18,22698.3359375
2017-05-19,22769.53515625
2017-05-22,22652.5859375
2017-05-23,22582.5390625
2017-05-24,22536.0390625
2017-05-25,23190.53125
2017-05-26,23361.927734375
2017-05-29,23182.48046875
2017-05-30,23306.978515625
2017-05-31,23424.529296875
2017-06-01,23309.87890625
2017-06-02,23375.62890625
2017-06-05,23459.376953125
2017-06-06,23416.029296875
2017-06-07,23567.376953125
2017-06-08,23535.826171875
2017-06-09,23690.625
2017-06-12,23470.17578125
2017-06-13,23477.576171875
2017-06-14,23498.42578125
2017-06-15,23391.478515625
2017-06-16,23502.4765625
2017-06-19,23741.875
2017-06-20,23697.673828125
2017-06-21,23708.474609375
2017-06-22,23735.82421875
2017-06-23,23542.4765625
2017-06-27,23215.98046875
2017-06-28,23235.580078125
2017-06-29,23227.03125
2017-06-30,23210.9296875
2017-07-03,23272.53125
2017-07-04,23213.9296875
2017-07-05,23352.328125
2017-07-06,23466.376953125
2017-07-07,23448.876953125
2017-07-10,23674.775390625
2017-07-11,23584.326171875
2017-07-12,23695.173828125
2017-07-13,23888.373046875
2017-07-14,23937.421875
2017-07-17,24014.771484375
2017-07-18,24021.771484375
2017-07-19,24152.369140625
2017-07-20,24213.068359375
2017-07-21,24256.76953125
2017-07-24,24420.56640625
2017-07-25,24520.4140625
2017-07-26,24670.412109375
2017-07-27,24922.111328125
2017-07-28,24811.01171875
2017-07-31,25103.359375
2017-08-01,25122.5078125
2017-08-02,25054.908203125
2017-08-03,24674.763671875
2017-08-04,24827.16015625
2017-08-07,24906.060546875
2017-08-08,24599.21484375
2017-08-09,24374.31640625
2017-08-10,24217.068359375
2017-08-11,23985.470703125
2017-08-14,24115.46875
2017-08-16,24437.416015625
2017-08-17,24236.96875
2017-08-18,24074.169921875
2017-08-21,23936.22265625
2017-08-22,23974.169921875
2017-08-23,24316.517578125
2017-08-24,24273.91796875
2017-08-28,24376.81640625
2017-08-29,24128.66796875
2017-08-30,24308.416015625
2017-08-31,24318.1171875
2017-09-01,24433.716796875
2017-09-04,24236.568359375
2017-09-05,24328.017578125
2017-09-06,24278.869140625
2017-09-07,24304.6171875
2017-09-08,24370.517578125
2017-09-11,24671.962890625
2017-09-12,24784.412109375
2017-09-13,24831.51171875
2017-09-14,24911.9609375
2017-09-15,24844.01171875
2017-09-18,25046.609375
2017-09-19,25041.259765625
2017-09-20,24964.759765625
2017-09-21,24798.9609375
2017-09-22,24368.56640625
2017-09-25,24164.76953125
2017-09-26,24198.869140625
2017-09-27,23812.671875
2017-09-28,24007.87109375
2017-09-29,24052.720703125
2017-10-03,24103.12109375
2017-10-04,24113.021484375
2017-10-05,24057.771484375
2017-10-06,24189.71875
2017-10-09,24251.619140625
2017-10-10,24347.166015625
2017-10-11,24107.169921875
2017-10-12,24360.966796875
2017-10-13,24688.86328125
2017-10-16,24702.763671875
2017-10-17,24645.3125
2017-10-18,24313.466796875
2017-10-19,24009.470703125
2017-10-23,24088.62109375
2017-10-24,24221.869140625
2017-10-25,25035.609375
2017-10-26,25021.908203125
2017-10-27,24839.26171875
2017-10-30,24988.259765625
2017-10-31,25019.05859375
2017-11-01,25490.15234375
2017-11-02,25427.005859375
2017-11-03,25650.400390625
2017-11-06,25570.853515625
2017-11-07,25300.505859375
2017-11-08,25184.056640625
2017-11-09,25291.0546875
2017-11-10,25498.65234375
2017-11-13,25358.005859375
2017-11-14,25284.306640625
2017-11-15,25218.607421875
2017-11-16,25446.3046875
2017-11-17,25728.1015625
2017-11-20,25768.30078125
2017-11-21,25757.201171875
2017-11-22,25766.3515625
2017-11-23,25735.951171875
2017-11-24,25779.3515625
2017-11-27,25891.6484375
2017-11-28,25846.099609375
2017-11-29,25795.3984375
2017-11-30,25332.10546875
2017-12-01,25191.65625
2017-12-04,25074.80859375
2017-12-05,25124.556640625
2017-12-06,24851.51171875
2017-12-07,25056.958984375
2017-12-08,25320.85546875
2017-12-11,25404.5546875
2017-12-12,25125.15625
2017-12-13,25000.05859375
2017-12-14,25167.90625
2017-12-15,25440.005859375
2017-12-18,25594.25390625
2017-12-19,25715.900390625
2017-12-20,25591.40234375
2017-12-21,25554.00390625
2017-12-22,25648.251953125
2017-12-26,25674.951171875
2017-12-27,25495.75390625
2017-12-28,25489.703125
2017-12-29,25539.15234375
2018-01-01,25317.8046875
2018-01-02,25337.955078125
2018-01-03,25318.3046875
2018-01-04,25462.302734375
2018-01-05,25601.552734375
2018-01-08,25675.80078125
2018-01-09,25703.501953125
2018-01-10,25617.00390625
2018-01-11,25660.6015625
2018-01-12,25748.751953125
2018-01-15,26068.896484375
2018-01-16,25974.59765625
2018-01-17,26288.794921875
2018-01-18,26537.091796875
2018-01-19,26909.1875
2018-01-22,27040.884765625
2018-01-23,27390.28125
2018-01-24,27398.232421875
2018-01-25,27445.33203125
2018-01-29,27498.12890625
2018-01-30,27268.734375
2018-01-31,27379.130859375
2018-02-01,27220.3828125
2018-02-02,26450.84375
2018-02-05,26098.447265625
2018-02-06,25811.0
2018-02-07,25669.701171875
2018-02-08,25920.349609375
2018-02-09,25463.353515625
2018-02-12,25701.30078125
2018-02-14,25340.955078125
2018-02-15,25424.0546875
2018-02-16,25163.607421875
2018-02-19,25058.259765625
2018-02-20,24874.111328125
2018-02-21,24936.41015625
2018-02-22,24954.908203125
2018-02-23,25302.205078125
2018-02-26,25687.6015625
2018-02-27,25383.3046875
2018-02-28,25107.109375
2018-03-01,24902.26171875
2018-03-05,24818.41015625
2018-03-06,24448.166015625
2018-03-07,24133.818359375
2018-03-08,24477.365234375
2018-03-09,24296.166015625
2018-03-12,24663.912109375
2018-03-13,24738.36328125
2018-03-14,24851.361328125
2018-03-15,24791.560546875
2018-03-16,24489.265625
2018-03-19,24244.818359375
2018-03-20,24167.91796875
2018-03-21,24255.318359375
2018-03-22,24141.21875
2018-03-23,23670.125
2018-03-26,24244.068359375
2018-03-27,24433.8671875
2018-03-28,24263.068359375
2018-04-02,24328.216796875
2018-04-03,24510.314453125
2018-04-04,24129.21875
2018-04-05,24759.513671875
2018-04-06,24872.861328125
2018-04-09,25093.509765625
2018-04-10,25226.5078125
2018-04-11,25097.958984375
2018-04-12,25194.806640625
2018-04-13,25200.306640625
2018-04-16,25320.5546875
2018-04-17,25334.154296875
2018-04-18,25102.009765625
2018-04-19,25125.857421875
2018-04-20,24943.560546875
2018-04-23,24960.359375
2018-04-24,25041.80859375
2018-04-25,24814.111328125
2018-04-26,25010.609375
2018-04-27,25394.3046875
2018-04-30,25531.302734375
2018-05-02,25568.00390625
2018-05-03,25604.953125
2018-05-04,25645.1015625
2018-05-07,25851.75
2018-05-08,26090.197265625
2018-05-09,26154.14453125
2018-05-10,26130.6953125
2018-05-11,26412.84375
2018-05-14,26474.841796875
2018-05-15,26473.69140625
2018-05-16,26181.845703125
2018-05-17,26073.498046875
2018-05-18,25875.298828125
2018-05-21,25750.501953125
2018-05-22,25777.400390625
2018-05-23,25684.650390625
2018-05-24,26016.498046875
2018-05-25,26273.24609375
2018-05-28,26613.94140625
2018-05-29,26254.49609375
2018-05-30,26327.494140625
2018-05-31,26955.88671875
2018-06-01,26692.490234375
2018-06-04,26257.24609375
2018-06-05,26250.6953125
2018-06-06,26367.29296875
2018-06-07,26517.4921875
2018-06-08,26451.04296875
2018-06-11,26453.244140625
2018-06-12,26606.791015625
2018-06-13,26642.490234375
2018-06-14,26561.94140625
2018-06-15,26417.09375
2018-06-18,26408.994140625
2018-06-19,26265.4453125
2018-06-20,26557.390625
2018-06-21,26496.640625
2018-06-22,26766.5390625
2018-06-25,26609.390625
2018-06-26,26601.390625
2018-06-27,26423.09375
2018-06-28,26324.29296875
2018-06-29,26363.892578125
2018-07-02,26229.99609375
2018-07-03,26203.794921875
2018-07-04,26433.642578125
2018-07-05,26502.9921875
2018-07-06,26493.541015625
2018-07-09,26752.990234375
2018-07-10,26894.23828125
2018-07-11,26815.88671875
2018-07-12,27026.236328125
2018-07-13,26935.63671875
2018-07-16,26679.490234375
2018-07-17,27007.78515625
2018-07-18,26880.587890625
2018-07-19,26789.33984375
2018-07-20,26872.88671875
2018-07-23,27007.8359375
2018-07-24,26974.0859375
2018-07-25,27030.986328125
2018-07-26,27406.08203125
2018-07-27,27634.080078125
2018-07-30,27842.275390625
2018-07-31,27763.828125
2018-08-01,27596.279296875
2018-08-02,27355.630859375
2018-08-03,27695.177734375
2018-08-06,27898.17578125
2018-08-07,27875.576171875
2018-08-08,28062.123046875
2018-08-09,28319.669921875
2018-08-10,28123.923828125
2018-08-13,27794.078125
2018-08-14,28021.373046875
2018-08-16,27826.2265625
2018-08-17,28128.224609375
2018-08-20,28273.921875
2018-08-21,28257.572265625
2018-08-23,28027.57421875
2018-08-24,27834.375
2018-08-27,28263.87109375
2018-08-28,28269.322265625
2018-08-29,28223.771484375
2018-08-30,28102.923828125
2018-08-31,28061.423828125
2018-09-03,27819.17578125
2018-09-04,27430.431640625
2018-09-05,27375.732421875
2018-09-06,27468.380859375
2018-09-07,27481.12890625
2018-09-10,27201.43359375
2018-09-11,26807.1875
2018-09-12,26818.88671875
2018-09-14,27163.533203125
2018-09-17,26819.98828125
2018-09-18,26441.142578125
2018-09-19,26277.044921875
2018-09-21,25596.603515625
2018-09-24,24970.05859375
2018-09-25,25330.0546875
2018-09-26,25376.005859375
2018-09-27,25041.859375
2018-09-28,25119.55859375
2018-10-01,25366.705078125
2018-10-03,25069.609375
2018-10-04,24819.01171875
2018-10-05,24443.166015625
2018-10-08,24618.0625
2018-10-09,24527.365234375
2018-10-10,25321.404296875
2018-10-11,24783.662109375
2018-10-12,25395.5546875
2018-10-15,25387.755859375
2018-10-16,25589.353515625
2018-10-17,25188.306640625
2018-10-19,25085.509765625
2018-10-22,25078.30859375
2018-10-23,24972.158203125
2018-10-24,25063.908203125
2018-10-25,24817.16015625
2018-10-26,24420.767578125
2018-10-29,24959.408203125
2018-10-30,24807.4609375
2018-10-31,25152.95703125
2018-11-01,25323.35546875
2018-11-02,25701.3515625
2018-11-05,25731.900390625
2018-11-06,25597.703125
2018-11-07,25769.400390625
2018-11-09,25770.701171875
2018-11-12,25539.453125
2018-11-13,25768.30078125
2018-11-14,25929.849609375
2018-11-15,26154.4453125
2018-11-16,26245.24609375
2018-11-19,26300.392578125
2018-11-20,26113.046875
2018-11-21,26261.74609375
2018-11-22,25999.146484375
2018-11-26,26365.29296875
2018-11-27,26442.79296875
2018-11-28,26457.642578125
2018-11-29,26939.287109375
2018-11-30,26862.63671875
2018-12-03,26857.23828125
2018-12-04,26693.490234375
2018-12-05,26519.291015625
2018-12-06,26197.99609375
2018-12-07,26593.9921875
2018-12-10,26102.34765625
2018-12-11,26163.095703125
2018-12-12,26643.5390625
2018-12-13,26816.037109375
2018-12-14,26825.6875
2018-12-17,27015.486328125
2018-12-18,27174.3828125
2018-12-19,27298.083984375
2018-12-20,27274.783203125
2018-12-21,26869.337890625
2018-12-24,26714.439453125
2018-12-26,26986.486328125
2018-12-27,26878.23828125
2018-12-28,27124.935546875
2018-12-31,27159.8828125
2019-01-01,27392.08203125
2019-01-02,27174.3828125
2019-01-03,26959.537109375
2019-01-04,27194.68359375
2019-01-07,27304.234375
2019-01-08,27509.1796875
2019-01-09,27720.078125
2019-01-10,27528.23046875
2019-01-11,27453.58203125
2019-01-14,27247.93359375
2019-01-15,27400.431640625
2019-01-16,27483.37890625
2019-01-17,27528.4296875
2019-01-18,27456.380859375
2019-01-21,27533.279296875
2019-01-22,27481.9296875
2019-01-23,27250.43359375
2019-01-24,27266.083984375
2019-01-25,27114.986328125
2019-01-28,26652.740234375
2019-01-29,26573.091796875
2019-01-30,26825.1875
2019-01-31,27295.1328125
2019-02-01,27085.634765625
2019-02-04,27186.283203125
2019-02-05,27271.3828125
2019-02-06,27402.03125
2019-02-07,27386.83203125
2019-02-08,27294.083984375
2019-02-11,27227.484375
2019-02-12,27010.435546875
2019-02-14,26970.28515625
2019-02-15,26793.939453125
2019-02-18,26653.939453125
2019-02-19,26684.5390625
2019-02-20,26955.1875
2019-02-21,27052.0859375
2019-02-22,26867.23828125
2019-02-25,27158.93359375
2019-02-26,26952.63671875
2019-02-27,26798.990234375
2019-02-28,26789.58984375
2019-03-01,27043.5859375
2019-03-05,27553.73046875
2019-03-06,27625.330078125
2019-03-07,27764.27734375
2019-03-08,27761.478515625
2019-03-11,27966.326171875
2019-03-12,28443.369140625
2019-03-13,28883.96484375
2019-03-14,28922.763671875
2019-03-15,29381.107421875
2019-03-18,29595.755859375
2019-03-19,29767.50390625
2019-03-20,29831.8515625
2019-03-22,29582.15625
2019-03-25,29280.859375
2019-03-26,29881.802734375
2019-03-27,30019.451171875
2019-03-28,30420.197265625
2019-04-01,30326.1484375
2019-04-02,30353.896484375
2019-04-03,30092.951171875
2019-04-04,29904.552734375
2019-04-05,30084.30078125
2019-04-08,29844.953125
2019-04-09,30113.5
2019-04-10,29803.154296875
2019-04-11,29785.75390625
2019-04-12,29938.203125
2019-04-15,30103.900390625
2019-04-16,30530.994140625
2019-04-18,30223.048828125
2019-04-22,29687.603515625
2019-04-23,29479.357421875
2019-04-24,29860.453125
2019-04-25,29561.005859375
2019-04-26,30013.150390625
2019-04-30,29764.455078125
2019-05-02,29708.25390625
2019-05-03,29953.802734375
2019-05-06,29618.10546875
2019-05-07,29287.859375
2019-05-08,28994.0625
2019-05-09,28884.263671875
2019-05-10,29040.162109375
2019-05-13,28659.615234375
2019-05-14,28828.86328125
2019-05-15,28616.1171875
2019-05-16,28854.96484375
2019-05-17,29449.80859375
2019-05-20,30759.341796875
2019-05-21,30308.048828125
2019-05-22,30526.4453125
2019-05-23,30408.74609375
2019-05-24,31212.1875
2019-05-27,31647.283203125
2019-05-28,31597.533203125
2019-05-29,31295.1875
2019-05-30,31536.732421875
2019-05-31,31375.03515625
2019-06-03,31653.283203125
2019-06-04,31588.68359375
2019-06-06,30857.041015625
2019-06-07,31066.189453125
2019-06-10,31033.638671875
2019-06-11,31265.0859375
2019-06-12,30965.33984375
2019-06-13,30975.740234375
2019-06-14,30613.994140625
2019-06-17,30272.8984375
2019-06-18,30350.646484375
2019-06-19,30361.74609375
2019-06-20,30780.7421875
2019-06-21,30627.994140625
2019-06-24,30601.6953125
2019-06-25,30846.69140625
2019-06-26,31161.98828125
2019-06-27,31269.13671875
2019-06-28,31104.837890625
2019-07-01,31371.833984375
2019-07-02,31282.9375
2019-07-03,31381.935546875
2019-07-04,31471.484375
2019-07-05,31475.435546875
2019-07-08,30603.494140625
2019-07-09,30568.794921875
2019-07-10,30521.744140625
2019-07-11,30716.193359375
2019-07-12,30601.09375
2019-07-15,30445.595703125
2019-07-16,30570.4453125
2019-07-17,30735.142578125
2019-07-18,30430.24609375
2019-07-19,29770.00390625
2019-07-22,29284.609375
2019-07-23,29127.76171875
2019-07-24,28951.9140625
2019-07-25,29042.712890625
2019-07-26,29324.958984375
2019-07-29,29295.560546875
2019-07-30,28791.265625
2019-07-31,28875.6640625
2019-08-01,28366.919921875
2019-08-02,28204.62109375
2019-08-05,27647.728515625
2019-08-06,28021.7734375
2019-08-07,27701.728515625
2019-08-08,28110.123046875
2019-08-09,28431.5703125
2019-08-13,27728.77734375
2019-08-14,28018.873046875
2019-08-16,28216.671875
2019-08-19,28185.771484375
2019-08-20,27982.123046875
2019-08-21,27718.728515625
2019-08-22,27033.884765625
2019-08-23,26958.337890625
2019-08-26,27951.025390625
2019-08-27,28125.82421875
2019-08-28,27803.978515625
2019-08-29,27304.8828125
2019-08-30,27427.53125
2019-09-03,26823.837890625
2019-09-04,27123.53515625
2019-09-05,26919.38671875
2019-09-06,27247.583984375
2019-09-09,27504.330078125
2019-09-11,27775.876953125
2019-09-12,27818.17578125
2019-09-13,28098.423828125
2019-09-16,27854.67578125
2019-09-17,27131.435546875
2019-09-18,27172.333984375
2019-09-19,26757.33984375
2019-09-20,28981.21484375
2019-09-23,30565.84375
2019-09-24,30182.748046875
2019-09-25,29585.70703125
2019-09-26,30002.25
2019-09-27,29876.302734375
2019-09-30,29102.8125
2019-10-01,28725.166015625
2019-10-03,28413.76953125
2019-10-04,27731.52734375
2019-10-07,27767.228515625
2019-10-09,28785.515625
2019-10-10,28013.123046875
2019-10-11,28042.173828125
2019-10-14,28181.62109375
2019-10-15,28554.767578125
2019-10-16,28538.46875
2019-10-17,28989.111328125
2019-10-18,29119.912109375
2019-10-22,29410.80859375
2019-10-23,29459.2578125
2019-10-24,29107.611328125
2019-10-25,29395.607421875
2019-10-29,29872.703125
2019-10-30,29987.15234375
2019-10-31,30065.900390625
2019-11-01,30330.19921875
2019-11-04,30332.74609375
2019-11-05,30219.498046875
2019-11-06,30609.244140625
2019-11-07,30632.794921875
2019-11-08,30749.04296875
2019-11-11,31115.189453125
2019-11-13,30541.1953125
2019-11-14,30749.591796875
2019-11-15,31008.0390625
2019-11-18,30991.740234375
2019-11-19,31235.88671875
2019-11-20,31353.484375
2019-11-21,31349.583984375
2019-11-22,31111.23828125
2019-11-25,31555.533203125
2019-11-26,31717.98046875
2019-11-27,31875.578125
2019-11-28,32122.576171875
2019-11-29,31945.728515625
2019-12-02,31871.078125
2019-12-03,31612.982421875
2019-12-04,31978.9296875
2019-12-05,31712.580078125
2019-12-06,31341.185546875
2019-12-09,31316.287109375
2019-12-10,31159.98828125
2019-12-11,31256.38671875
2019-12-12,31665.08203125
2019-12-13,32013.876953125
2019-12-16,31973.828125
2019-12-17,32139.876953125
2019-12-18,32243.875
2019-12-19,32241.07421875
2019-12-20,32384.572265625
2019-12-23,32339.07421875
2019-12-24,32280.375
2019-12-26,31997.328125
2019-12-27,32411.97265625
2019-12-30,32354.5234375
2019-12-31,32161.27734375
2020-01-01,32102.52734375
2020-01-02,32443.47265625
2020-01-03,32068.876953125
2020-01-06,31236.787109375
2020-01-07,31399.03515625
2020-01-08,31373.28515625
2020-01-09,32092.02734375
2020-01-10,32097.02734375
2020-01-13,32177.27734375
2020-01-14,32071.27734375
2020-01-15,31824.53125
2020-01-16,31853.529296875
2020-01-17,31590.283203125
2020-01-20,31080.2890625
2020-01-21,30947.19140625
2020-01-22,30701.091796875
2020-01-23,31003.689453125
2020-01-24,31241.38671875
2020-01-27,30837.041015625
2020-01-28,30761.04296875
2020-01-29,30876.640625
2020-01-30,30647.044921875
2020-01-31,30833.2421875
2020-02-03,30022.900390625
2020-02-04,30686.341796875
2020-02-05,31001.58984375
2020-02-06,31303.6875
2020-02-07,31201.5859375
2020-02-10,31057.7890625
2020-02-11,31300.236328125
2020-02-12,31492.53515625
2020-02-13,31229.88671875
2020-02-14,30834.443359375
2020-02-17,30680.341796875
2020-02-18,30562.14453125
2020-02-19,30837.83984375
2020-02-20,30942.490234375
2020-02-24,30454.74609375
2020-02-25,30432.345703125
2020-02-26,30306.498046875
2020-02-27,30186.6484375
2020-02-28,29146.8125
2020-03-02,28868.064453125
2020-03-03,29176.7109375
2020-03-04,28653.365234375
2020-03-05,28815.015625
2020-03-06,27801.126953125
2020-03-09,26462.29296875
2020-03-11,26487.4921875
2020-03-12,23970.87109375
2020-03-13,25166.15625
2020-03-16,23100.8828125
2020-03-17,22154.892578125
2020-03-18,20579.9609375
2020-03-19,20083.265625
2020-03-20,20317.36328125
2020-03-23,16917.453125
2020-03-24,17107.1015625
2020-03-25,18480.8359375
2020-03-26,19613.671875
2020-03-27,19968.767578125
2020-03-30,18782.181640625
2020-03-31,19143.77734375
2020-04-01,18208.138671875
2020-04-03,17249.099609375
2020-04-07,19062.279296875
2020-04-08,18946.228515625
2020-04-09,19913.3671875
2020-04-13,19487.7734375
2020-04-15,19056.830078125
2020-04-16,19399.775390625
2020-04-17,20681.208984375
2020-04-20,20522.412109375
2020-04-21,19409.123046875
2020-04-22,19701.62109375
2020-04-23,20267.712890625
2020-04-24,19586.421875
2020-04-27,20080.916015625
2020-04-28,20670.859375
2020-04-29,21089.953125
2020-04-30,21534.25
2020-05-04,19743.521484375
2020-05-05,19271.525390625
2020-05-06,19694.322265625
2020-05-07,19491.57421875
2020-05-08,19352.67578125
2020-05-11,18950.279296875
2020-05-12,18862.630859375
2020-05-13,19634.720703125
2020-05-14,19068.279296875
2020-05-15,18833.73046875
2020-05-18,17572.994140625
2020-05-19,17486.046875
2020-05-20,17839.9921875
2020-05-21,17734.892578125
2020-05-22,17278.69921875
2020-05-26,17440.146484375
2020-05-27,18710.333984375
2020-05-28,19169.578125
2020-05-29,19297.025390625
2020-06-01,19959.66796875
2020-06-02,20529.9609375
2020-06-03,20940.455078125
2020-06-04,20390.212890625
2020-06-05,21034.255859375
2020-06-08,21187.103515625
2020-06-09,20724.66015625
2020-06-10,21099.853515625
2020-06-11,20524.912109375
2020-06-12,20654.310546875
2020-06-15,19912.66796875
2020-06-16,20296.462890625
2020-06-17,20201.515625
2020-06-18,20956.056640625
2020-06-19,21337.8515625
2020-06-22,21708.09765625
2020-06-23,22264.642578125
2020-06-24,21426.55078125
2020-06-25,21505.900390625
2020-06-26,21591.80078125
2020-06-29,21358.751953125
2020-06-30,21369.90234375
2020-07-01,21977.34375
2020-07-02,21952.943359375
2020-07-03,21852.146484375
2020-07-06,22198.69140625
2020-07-07,22627.736328125
2020-07-08,22584.388671875
2020-07-09,22906.93359375
2020-07-10,22398.189453125
2020-07-13,22088.994140625
2020-07-14,21391.951171875
2020-07-15,21340.501953125
2020-07-16,21596.8984375
2020-07-17,21966.544921875
2020-07-20,22321.58984375
2020-07-21,22781.734375
2020-07-22,22882.333984375
2020-07-23,23083.6328125
2020-07-24,22661.787109375
2020-07-27,21848.49609375
2020-07-28,22104.94140625
2020-07-29,22076.34375
2020-07-30,21646.59765625
2020-07-31,21639.798828125
2020-08-03,21071.85546875
2020-08-04,21490.25
2020-08-05,21509.69921875
2020-08-06,21642.34765625
2020-08-07,21753.748046875
2020-08-10,21899.99609375
2020-08-11,22226.94140625
2020-08-12,22263.7421875
2020-08-13,22196.091796875
2020-08-14,21679.1484375
2020-08-17,21700.59765625
2020-08-18,22170.341796875
2020-08-19,22285.640625
2020-08-20,21999.193359375
2020-08-21,22299.33984375
2020-08-24,22832.734375
2020-08-25,23091.8828125
2020-08-26,23413.927734375
2020-08-27,23600.076171875
2020-08-28,24523.515625
2020-08-31,23754.07421875
2020-09-01,23811.72265625
2020-09-02,23874.2734375
2020-09-03,23530.576171875
2020-09-04,23011.232421875
2020-09-07,22944.783203125
2020-09-08,22744.13671875
2020-09-09,22266.740234375
2020-09-10,22465.9375
2020-09-11,22479.6875
2020-09-14,22100.9921875
2020-09-15,22465.388671875
2020-09-16,22573.2890625
2020-09-17,22320.08984375
2020-09-18,22030.794921875
2020-09-21,21366.552734375
2020-09-22,21138.853515625
2020-09-23,21178.25390625
2020-09-24,20456.611328125
2020-09-25,20982.10546875
2020-09-28,21665.248046875
2020-09-29,21411.052734375
2020-09-30,21451.55078125
2020-10-01,22245.7421875
2020-10-05,22370.689453125
2020-10-06,22853.43359375
2020-10-07,22964.533203125
2020-10-08,23191.080078125
2020-10-09,23846.5234375
2020-10-12,23712.525390625
2020-10-13,23491.92578125
2020-10-14,23874.373046875
2020-10-15,23072.1328125
2020-10-16,23532.9765625
2020-10-19,24266.46875
2020-10-20,24311.517578125
2020-10-21,24634.763671875
2020-10-22,24483.865234375
2020-10-23,24478.015625
2020-10-26,24075.169921875
2020-10-27,24769.212890625
2020-10-28,24232.21875
2020-10-29,24091.720703125
2020-10-30,23900.623046875
2020-11-02,24892.2109375
2020-11-03,25682.501953125
2020-11-04,25771.30078125
2020-11-05,26312.79296875
2020-11-06,26798.638671875
2020-11-09,27533.779296875
2020-11-10,28605.66796875
2020-11-11,28844.6640625
2020-11-12,28278.47265625
2020-11-13,28465.369140625
2020-11-17,29180.9609375
2020-11-18,29749.50390625
2020-11-19,28902.71484375
2020-11-20,29235.66015625
2020-11-23,29023.861328125
2020-11-24,29736.904296875
2020-11-25,29196.060546875
2020-11-26,29549.40625
2020-11-27,29608.70703125
2020-12-01,29817.50390625
2020-12-02,29462.80859375
2020-12-03,29448.408203125
2020-12-04,30052.05078125
2020-12-07,30211.19921875
2020-12-08,30261.548828125
2020-12-09,30709.04296875
2020-12-10,30509.994140625
2020-12-11,30604.494140625
2020-12-14,30745.54296875
2020-12-15,30690.693359375
2020-12-16,30698.04296875
2020-12-17,30846.69140625
2020-12-18,30714.29296875
2020-12-21,29456.107421875
2020-12-22,29625.60546875
2020-12-23,29882.953125
2020-12-24,30401.845703125
2020-12-28,30880.58984375
2020-12-29,31322.13671875
2020-12-30,31302.6875
2020-12-31,31263.6875
2021-01-01,31225.486328125
2021-01-04,31212.0859375
2021-01-05,31721.880859375
2021-01-06,31797.53125
2021-01-07,31955.62890625
2021-01-08,32083.826171875
2021-01-11,31998.529296875
2021-01-12,32338.625
2021-01-13,32574.271484375
2021-01-14,32519.37109375
2021-01-15,32246.42578125
2021-01-18,31811.380859375
2021-01-19,32424.47265625
2021-01-20,32543.3203125
2021-01-21,32186.525390625
2021-01-22,31166.888671875
2021-01-25,31198.037109375
2021-01-27,30284.19921875
2021-01-28,30357.947265625
2021-01-29,30565.14453125
2021-02-01,33088.66796875
2021-02-02,34267.5
2021-02-03,34758.046875
2021-02-04,35344.390625
2021-02-05,35654.0859375
2021-02-08,35983.23046875
2021-02-09,36056.08203125
2021-02-10,35782.6875
2021-02-11,35751.6875
2021-02-12,36108.48046875
2021-02-15,37305.81640625
2021-02-16,37097.96875
2021-02-17,36910.51953125
2021-02-18,36586.57421875
2021-02-19,35841.18359375
2021-02-22,35256.7890625
2021-02-23,35116.54296875
2021-02-24,36451.87890625
2021-02-25,36548.57421875
2021-02-26,34803.1953125
2021-03-01,35295.58984375
2021-03-02,35419.2890625
2021-03-03,36367.62890625
2021-03-04,35802.08203125
2021-03-05,35227.73828125
2021-03-08,35275.33984375
2021-03-09,35865.23046875
2021-03-10,35937.8828125
2021-03-12,35496.234375
2021-03-15,35182.140625
2021-03-16,34804.1953125
2021-03-17,34228.8515625
2021-03-18,33856.40625
2021-03-19,34161.203125
2021-03-22,33603.05859375
2021-03-23,34184.0
2021-03-24,33292.86328125
2021-03-25,33006.06640625
2021-03-26,33317.8125
2021-03-30,33874.70703125
2021-03-31,33303.51171875
2021-04-01,33857.60546875
2021-04-05,32678.470703125
2021-04-06,32500.97265625
2021-04-07,32990.81640625
2021-04-08,32782.46875
2021-04-09,32447.673828125
2021-04-12,30791.642578125
2021-04-13,31771.23046875
2021-04-15,32112.4765625
2021-04-16,31977.078125
2021-04-19,31208.037109375
2021-04-20,31112.337890625
2021-04-22,31782.23046875
2021-04-23,31721.931640625
2021-04-26,32274.775390625
2021-04-27,32734.96875
2021-04-28,33722.41015625
2021-04-29,33714.109375
2021-04-30,32781.41796875
2021-05-03,32465.373046875
2021-05-04,32269.974609375
2021-05-05,32783.31640625
2021-05-06,32827.41796875
2021-05-07,32904.1171875
2021-05-10,33142.01171875
2021-05-11,32871.81640625
2021-05-12,32451.923828125
2021-05-14,32169.177734375
2021-05-17,33458.859375
2021-05-18,33922.00390625
2021-05-19,33684.80859375
2021-05-20,33334.1640625
2021-05-21,34606.49609375
2021-05-24,34943.1953125
2021-05-25,34661.59765625
2021-05-26,34683.796875
2021-05-27,35094.64453125
2021-05-28,35141.0390625
2021-05-31,35526.234375
2021-06-01,35336.7890625
2021-06-02,35373.33984375
2021-06-03,35648.5859375
2021-06-04,35291.23828125
2021-06-07,35443.23828125
2021-06-08,35084.89453125
2021-06-09,34800.09375
2021-06-10,35130.7890625
2021-06-11,35046.9921875
2021-06-14,34950.1953125
2021-06-15,35247.33984375
2021-06-16,35003.09375
2021-06-17,34604.99609375
2021-06-18,34557.59765625
2021-06-21,34870.89453125
2021-06-22,34744.59765625
2021-06-23,34573.59765625
2021-06-24,34826.59375
2021-06-25,35364.23828125
2021-06-28,35359.0390625
2021-06-29,35009.89453125
2021-06-30,34771.796875
2021-07-01,34683.59765625
2021-07-02,34809.4921875
2021-07-05,35211.58984375
2021-07-06,35578.734375
2021-07-07,35770.88671875
2021-07-08,35273.69140625
2021-07-09,35071.54296875
2021-07-12,35198.48828125
2021-07-13,35672.984375
2021-07-14,35667.8359375
2021-07-15,35907.23046875
2021-07-16,35751.38671875
2021-07-19,35078.79296875
2021-07-20,34415.05078125
2021-07-22,34676.8984375
2021-07-23,35033.9921875
2021-07-26,34949.29296875
2021-07-27,34797.04296875
2021-07-28,34532.49609375
2021-07-29,34691.09765625
2021-07-30,34583.94921875
2021-08-02,34709.59765625
2021-08-03,35207.0390625
2021-08-04,36027.6328125
2021-08-05,35834.33203125
2021-08-06,35808.83203125
2021-08-09,36028.53125
2021-08-10,36033.68359375
2021-08-11,35805.98046875
2021-08-12,35936.6328125
2021-08-13,36168.9296875
2021-08-16,36094.08203125
2021-08-17,35867.03125
2021-08-18,35554.0859375
2021-08-20,35033.4453125
2021-08-23,35123.98828125
2021-08-24,35711.6875
2021-08-25,35585.8359375
2021-08-26,35617.13671875
2021-08-27,35627.38671875
2021-08-30,36347.2265625
2021-08-31,36424.1796875
2021-09-01,36573.875
2021-09-02,36830.87109375
2021-09-03,36760.72265625
2021-09-06,36591.92578125
2021-09-07,36468.375
2021-09-08,36767.7734375
2021-09-09,36682.7734375
2021-09-13,36471.375
2021-09-14,36612.625
2021-09-15,36851.8203125
2021-09-16,37668.1640625
2021-09-17,37811.5078125
2021-09-20,37145.265625
2021-09-21,37235.41796875
2021-09-22,36944.21875
2021-09-23,37771.26171875
2021-09-24,37829.859375
2021-09-27,38170.8046875
2021-09-28,37944.55859375
2021-09-29,37742.5625
2021-09-30,37424.66796875
2021-10-01,37225.46484375
2021-10-04,37579.2109375
2021-10-05,37740.5625
2021-10-06,37521.11328125
2021-10-07,37752.76171875
2021-10-08,37774.8125
2021-10-11,38293.35546875
2021-10-12,38521.05078125
2021-10-13,38635.30078125
2021-10-14,39340.44140625
2021-10-18,39684.33984375
2021-10-19,39540.0390625
2021-10-20,39517.73828125
2021-10-21,40029.734375
2021-10-22,40323.1796875
2021-10-25,41191.91796875
2021-10-26,41237.8203125
2021-10-27,40873.875
2021-10-28,39508.48828125
2021-10-29,39115.1484375
2021-11-01,39763.2890625
2021-11-02,39937.984375
2021-11-03,39401.59375
2021-11-04,39573.23828125
2021-11-08,39437.79296875
2021-11-09,39368.34375
2021-11-10,39022.796875
2021-11-11,38559.75
2021-11-12,38732.90234375
2021-11-15,38701.90234375
2021-11-16,38306.65625
2021-11-17,38041.109375
2021-11-18,37975.80859375
2021-11-22,37128.37109375
2021-11-23,37272.3671875
2021-11-24,37441.515625
2021-11-25,37364.31640625
2021-11-26,36025.08203125
2021-11-29,35976.03125
2021-11-30,35694.88671875
2021-12-01,36364.4765625
2021-12-02,36507.82421875
2021-12-03,36196.7265625
2021-12-06,35735.484375
2021-12-07,36617.97265625
2021-12-08,37284.265625
2021-12-09,37082.01953125
2021-12-10,37105.21875
2021-12-13,36924.8203125
2021-12-14,36893.51953125
2021-12-15,36789.125
2021-12-16,36548.22265625
2021-12-17,35618.234375
2021-12-20,34439.453125
2021-12-21,34607.44921875
2021-12-22,35029.09375
2021-12-23,35190.73828125
2021-12-24,34856.64453125
2021-12-27,35057.4921875
2021-12-28,35183.390625
2021-12-29,35044.9921875
2021-12-30,35063.1953125
2021-12-31,35481.28515625
2022-01-03,36421.4765625
2022-01-04,36839.71875
2022-01-05,37695.4609375
2022-01-06,37489.8125
2022-01-07,37739.1640625
2022-01-10,38347.453125
2022-01-11,38441.75390625
2022-01-12,38727.1015625
2022-01-13,38469.50390625
2022-01-14,38369.953125
2022-01-17,38215.703125
2022-01-18,38209.85546875
2022-01-19,38040.91015625
2022-01-20,37850.41015625
2022-01-21,37573.86328125
2022-01-24,36947.12109375
2022-01-25,37706.3125
2022-01-27,37981.66015625
2022-01-28,37688.9609375
2022-01-31,37974.91015625
2022-02-01,38505.05078125
2022-02-02,39330.04296875
2022-02-03,39009.546875
2022-02-04,38788.90234375
2022-02-07,37995.0078125
2022-02-08,38028.0078125
2022-02-09,38609.80078125
2022-02-10,39010.49609375
2022-02-11,38516.80078125
2022-02-14,36908.12109375
2022-02-15,38169.65625
2022-02-16,37953.359375
2022-02-17,37531.2109375
2022-02-18,37598.7109375
2022-02-21,37685.1640625
2022-02-22,37371.21484375
2022-02-23,37391.6171875
2022-02-24,35227.69140625
2022-02-25,36430.328125
2022-02-28,36204.87890625
2022-03-02,35372.390625
2022-03-03,34943.89453125
2022-03-04,34407.40234375
2022-03-07,32870.8671875
2022-03-08,33157.71484375
2022-03-09,33815.0546875
2022-03-10,34475.19921875
2022-03-11,34545.84765625
2022-03-14,35311.73828125
2022-03-15,35022.2421875
2022-03-16,35747.8359375
2022-03-17,36428.12890625
2022-03-21,36018.08203125
2022-03-22,36348.12890625
2022-03-23,36146.9296875
2022-03-24,35526.6875
2022-03-25,35409.69140625
2022-03-28,35710.0859375
2022-03-29,35846.98046875
2022-03-30,36333.87890625
2022-03-31,36373.1796875
2022-04-01,37148.06640625
2022-04-04,38634.75
2022-04-05,38067.45703125
2022-04-06,37632.36328125
2022-04-07,37556.9140625
2022-04-08,37751.61328125
2022-04-11,37613.36328125
2022-04-12,37746.9609375
2022-04-13,37462.96484375
2022-04-18,36728.57421875
2022-04-19,36341.1796875
2022-04-20,36314.4765625
2022-04-21,36815.671875
2022-04-22,36044.33203125
2022-04-25,36081.93359375
2022-04-26,36404.37890625
2022-04-27,36028.43359375
2022-04-28,36421.77734375
2022-04-29,36087.73046875
2022-05-02,36163.328125
2022-05-04,35264.140625
2022-05-05,35232.44140625
2022-05-06,34590.796875
2022-05-09,34275.0
2022-05-10,34482.24609375
2022-05-11,34692.74609375
2022-05-12,33531.7578125
2022-05-13,33120.96484375
2022-05-16,33597.2109375
2022-05-17,34301.5
2022-05-18,34163.30078125
2022-05-19,33315.26171875
2022-05-20,34276.0
2022-05-23,34247.203125
2022-05-24,34289.75
2022-05-25,34339.1015625
2022-05-26,35094.4921875
2022-05-27,35612.88671875
2022-05-30,35826.53125
2022-05-31,35486.984375
2022-06-01,35620.38671875
2022-06-02,35613.234375
2022-06-03,35274.640625
2022-06-06,35309.7890625
2022-06-07,34995.59375
2022-06-08,34945.7421875
2022-06-09,35085.04296875
2022-06-10,34483.3984375
2022-06-13,33405.46484375
2022-06-14,33310.96484375
2022-06-15,33338.61328125
2022-06-16,32616.720703125
2022-06-17,32742.669921875
2022-06-20,32684.419921875
2022-06-21,33191.36328125
2022-06-22,32844.91796875
2022-06-23,33134.61328125
2022-06-24,33627.05859375
2022-06-27,33810.85546875
2022-06-28,33642.05859375
2022-06-29,33269.51171875
2022-06-30,33424.71484375
2022-07-01,33539.05859375
2022-07-04,33940.50390625
2022-07-05,33815.50390625
2022-07-06,34323.8515625
2022-07-07,34919.89453125
2022-07-08,35123.640625
2022-07-11,35469.234375
2022-07-12,35131.83984375
2022-07-13,34827.39453125
2022-07-14,34650.796875
2022-07-15,34682.24609375
2022-07-18,35358.2890625
2022-07-19,35719.9375
2022-07-20,35971.68359375
2022-07-21,36200.578125
2022-07-22,36738.5234375
2022-07-25,36725.97265625
2022-07-26,36408.078125
2022-07-27,36783.32421875
2022-07-28,37377.71484375
2022-07-29,37490.9609375
2022-08-01,37902.7578125
2022-08-02,38023.55859375
2022-08-03,37988.80859375
2022-08-04,37755.11328125
2022-08-05,37920.16015625
2022-08-08,38236.953125
2022-08-10,38287.40625
2022-08-11,38879.3984375
2022-08-12,39041.84765625
2022-08-16,39239.19140625
2022-08-17,39461.2421875
2022-08-18,39655.6875
2022-08-19,38985.49609375
2022-08-22,38297.3046875
2022-08-23,38697.19921875
2022-08-24,39038.046875
2022-08-25,38950.296875
2022-08-26,38986.6953125
2022-08-29,38276.25390625
2022-08-30,39536.2890625
2022-09-01,39300.79296875
2022-09-02,39420.54296875
2022-09-05,39805.2890625
2022-09-06,39666.0390625
2022-09-07,39455.44140625
2022-09-08,40208.48046875
2022-09-09,40415.23046875
2022-09-12,40573.52734375
2022-09-13,40872.625
2022-09-14,41404.91796875
2022-09-15,41208.71875
2022-09-16,40776.328125
2022-09-19,40903.921875
2022-09-20,41467.8203125
2022-09-21,41202.96875
2022-09-22,40630.12890625
2022-09-23,39545.7890625
2022-09-26,38615.80078125
2022-09-27,38358.703125
2022-09-28,37759.4140625
2022-09-29,37647.3125
2022-09-30,38631.5
2022-10-03,38029.20703125
2022-10-04,39109.59765625
2022-10-06,39282.39453125
2022-10-07,39177.59375
2022-10-10,39092.6484375
2022-10-11,38712.0
2022-10-12,39118.09765625
2022-10-13,38623.55078125
2022-10-14,39305.14453125
2022-10-17,39919.984375
2022-10-18,40318.28125
2022-10-19,40372.73046875
2022-10-20,40099.0859375
2022-10-21,40783.578125
2022-10-24,41304.41796875
2022-10-25,41122.2734375
2022-10-27,41298.8203125
2022-10-28,40990.375
2022-10-31,41307.41796875
2022-11-01,41289.0703125
2022-11-02,41146.171875
2022-11-03,41297.87109375
2022-11-04,41257.96875
2022-11-07,41686.21484375
2022-11-09,41782.71484375
2022-11-10,41603.265625
2022-11-11,42136.5625
2022-11-14,42076.26171875
2022-11-15,42372.20703125
2022-11-16,42534.8046875
2022-11-17,42457.55859375
2022-11-18,42436.95703125
2022-11-21,42346.05859375
2022-11-22,42456.55859375
2022-11-23,42728.60546875
2022-11-24,43074.8984375
2022-11-25,42983.44921875
2022-11-28,43019.94921875
2022-11-29,43052.94921875
2022-11-30,43230.49609375
2022-12-01,43260.14453125
2022-12-02,43103.25
2022-12-05,43332.4453125
2022-12-06,43138.05078125
2022-12-07,43098.19921875
2022-12-08,43596.34375
2022-12-09,43632.94140625
2022-12-12,43708.2421875
2022-12-13,43946.0390625
2022-12-14,44048.58984375
2022-12-15,43497.6953125
2022-12-16,43218.99609375
2022-12-19,43413.24609375
2022-12-20,43358.99609375
2022-12-21,42617.453125
2022-12-22,42408.30859375
2022-12-23,41667.56640625
2022-12-26,42629.65234375
2022-12-27,42859.0
2022-12-28,42827.203125
2022-12-29,43251.84765625
2022-12-30,42985.94921875
2023-01-02,43203.1015625
2023-01-03,43425.25
2023-01-04,42958.80078125
2023-01-05,42608.69921875
2023-01-06,42188.80078125
2023-01-09,42582.75
2023-01-10,42014.75
2023-01-11,42232.69921875
2023-01-12,42082.25
2023-01-13,42371.25
2023-01-16,42167.55078125
2023-01-17,42235.05078125
2023-01-18,42458.0
2023-01-19,42328.8515625
2023-01-20,42506.80078125
2023-01-23,42821.25
2023-01-24,42733.44921875
2023-01-25,41647.6484375
2023-01-27,40345.30078125
2023-01-30,40387.44921875
2023-01-31,40655.05078125
2023-02-01,40513.0
2023-02-02,40669.30078125
2023-02-03,41499.69921875
2023-02-06,41374.6484375
2023-02-07,41490.94921875
2023-02-08,41537.6484375
2023-02-09,41554.30078125
2023-02-10,41559.3984375
2023-02-13,41282.19921875
2023-02-14,41648.3515625
2023-02-15,41731.05078125
2023-02-16,41631.3515625
2023-02-17,41131.75
2023-02-20,40701.69921875
2023-02-21,40673.6015625
2023-02-22,39995.8984375
2023-02-23,40001.55078125
2023-02-24,39909.3984375
2023-02-27,40307.1015625
2023-02-28,40269.05078125
2023-03-01,40698.1484375
2023-03-02,40389.80078125
2023-03-03,41251.3515625
2023-03-06,41350.3984375
2023-03-08,41577.1015625
2023-03-09,41256.75
2023-03-10,40485.44921875
2023-03-13,39564.69921875
2023-03-14,39411.3984375
2023-03-15,39051.5
2023-03-16,39132.6015625
2023-03-17,39598.1015625
2023-03-20,39361.94921875
2023-03-21,39894.69921875
2023-03-22,39999.05078125
2023-03-23,39616.8984375
2023-03-24,39395.3515625
2023-03-27,39431.30078125
2023-03-28,39567.8984375
2023-03-29,39910.1484375
2023-03-31,40608.6484375
2023-04-03,40813.05078125
2023-04-05,40999.1484375
2023-04-06,41041.0
2023-04-10,40834.6484375
2023-04-11,41366.5
2023-04-12,41557.94921875
2023-04-13,42132.55078125
2023-04-17,42262.55078125
2023-04-18,42265.19921875
2023-04-19,42154.0
2023-04-20,42269.5
2023-04-21,42118.0
2023-04-24,42635.75
2023-04-25,42678.5
2023-04-26,42829.8984375
2023-04-27,43000.8515625
2023-04-28,43233.8984375
2023-05-02,43352.1015625
2023-05-03,43312.69921875
2023-05-04,43685.44921875
2023-05-05,42661.19921875
2023-05-08,43284.0
2023-05-09,43198.1484375
2023-05-10,43331.05078125
2023-05-11,43475.30078125
2023-05-12,43793.55078125
2023-05-15,44072.1015625
2023-05-16,43903.69921875
2023-05-17,43698.69921875
2023-05-18,43752.30078125
2023-05-19,43969.3984375
2023-05-22,43885.1015625
2023-05-23,43954.44921875
2023-05-24,43677.8515625
2023-05-25,43681.3984375
2023-05-26,44018.0
2023-05-29,44311.8984375
2023-05-30,44436.3515625
2023-05-31,44128.1484375
2023-06-01,43790.19921875
2023-06-02,43937.8515625
2023-06-05,44101.6484375
2023-06-06,44164.55078125
2023-06-07,44275.30078125
2023-06-08,43995.25
2023-06-09,43989.0
2023-06-12,43944.19921875
2023-06-13,44079.8515625
2023-06-14,43988.0
2023-06-15,43443.6015625
2023-06-16,43938.1484375
2023-06-19,43633.75
2023-06-20,43766.5
2023-06-21,43859.19921875
2023-06-22,43724.8515625
2023-06-23,43622.8984375
2023-06-26,43641.05078125
2023-06-27,44121.5
2023-06-28,44327.80078125
2023-06-30,44747.3515625
2023-07-03,45158.1015625
2023-07-04,45301.44921875
2023-07-05,45151.80078125
2023-07-06,45339.8984375
2023-07-07,44925.0
2023-07-10,44860.8515625
2023-07-11,44745.05078125
2023-07-12,44639.44921875
2023-07-13,44665.05078125
2023-07-14,44819.30078125
2023-07-17,45449.75
2023-07-18,45410.8515625
2023-07-19,45669.30078125
2023-07-20,46186.8984375
2023-07-21,46075.19921875
2023-07-24,45923.05078125
2023-07-25,45845.0
2023-07-26,46062.3515625
2023-07-27,45679.30078125
2023-07-28,45468.1015625
2023-07-31,45651.1015625
2023-08-01,45592.5
2023-08-02,44995.69921875
2023-08-03,44513.44921875
2023-08-04,44879.5
2023-08-07,44837.5
2023-08-08,44964.44921875
2023-08-09,44880.69921875
2023-08-10,44541.80078125
2023-08-11,44199.1015625
2023-08-14,44090.94921875
2023-08-16,43946.3984375
2023-08-17,43891.3515625
2023-08-18,43851.05078125
2023-08-21,44002.0
2023-08-22,43993.25
2023-08-23,44479.05078125
2023-08-24,44496.19921875
2023-08-25,44231.44921875
2023-08-28,44494.6484375
2023-08-29,44495.25
2023-08-30,44232.6015625
2023-08-31,43989.1484375
2023-09-01,44436.1015625
2023-09-04,44578.30078125
2023-09-05,44532.1484375
2023-09-06,44409.1015625
2023-09-07,44878.3515625
2023-09-08,45156.3984375
2023-09-11,45570.69921875
2023-09-12,45511.3515625
2023-09-13,45909.44921875
2023-09-14,46000.8515625
2023-09-15,46231.5
2023-09-18,45979.8515625
2023-09-20,45384.6015625
2023-09-21,44623.8515625
2023-09-22,44612.05078125
2023-09-25,44766.1015625
2023-09-26,44624.19921875
2023-09-27,44588.30078125
2023-09-28,44300.94921875
2023-09-29,44584.55078125
2023-10-03,44399.05078125
2023-10-04,43964.05078125
2023-10-05,44213.3515625
2023-10-06,44360.6015625
2023-10-09,43886.5
2023-10-10,44360.1484375
2023-10-11,44516.8984375
2023-10-12,44599.19921875
2023-10-13,44287.94921875
2023-10-16,44225.8984375
2023-10-17,44409.5
2023-10-18,43888.69921875
2023-10-19,43754.5
2023-10-20,43723.05078125
2023-10-23,43151.19921875
2023-10-25,42832.0
2023-10-26,42280.1484375
2023-10-27,42782.0
2023-10-30,43039.1484375
2023-10-31,42845.94921875
2023-11-01,42700.94921875
2023-11-02,43017.19921875
2023-11-03,43318.25
2023-11-06,43619.3984375
2023-11-07,43737.8984375
2023-11-08,43658.6484375
2023-11-09,43683.6015625
2023-11-10,43820.1015625
2023-11-13,43891.25
2023-11-15,44201.69921875
2023-11-16,44161.55078125
2023-11-17,43583.94921875
2023-11-20,43584.94921875
2023-11-21,43689.1484375
2023-11-22,43449.6015625
2023-11-23,43577.5
2023-11-24,43769.1015625
2023-11-28,43880.94921875
2023-11-29,44566.44921875
2023-11-30,44481.75
2023-12-01,44814.19921875
2023-12-04,46431.3984375
2023-12-05,47012.25
2023-12-06,46834.55078125
2023-12-07,46841.3984375
2023-12-08,47262.0
2023-12-11,47314.25
2023-12-12,47097.55078125
2023-12-13,47092.25
2023-12-14,47732.30078125
2023-12-15,48143.55078125
2023-12-18,47867.69921875
2023-12-19,47870.8984375
2023-12-20,47445.30078125
2023-12-21,47840.1484375
2023-12-22,47491.8515625
2023-12-26,47724.8515625
2023-12-27,48282.19921875
2023-12-28,48508.55078125
2023-12-29,48292.25
2024-01-01,48234.30078125
2024-01-02,47761.6484375
2024-01-03,47704.94921875
2024-01-04,48195.8515625
2024-01-05,48159.0
2024-01-08,47450.25
2024-01-09,47242.6484375
2024-01-10,47360.8515625
2024-01-11,47438.3515625
2024-01-12,47709.80078125
2024-01-15,48158.30078125
2024-01-16,48125.1015625
2024-01-17,46064.44921875
2024-01-18,45713.55078125
2024-01-19,45701.1484375
2024-01-23,45015.05078125
2024-01-24,45082.3984375
2024-01-25,44866.1484375
2024-01-29,45442.3515625
2024-01-30,45367.75
2024-01-31,45996.80078125
2024-02-01,46188.6484375
2024-02-02,45970.94921875
2024-02-05,45825.55078125
2024-02-06,45690.80078125
2024-02-07,45818.5
2024-02-08,45012.0
2024-02-09,45634.55078125
2024-02-12,44882.25
2024-02-13,45502.3984375
2024-02-14,45908.30078125
2024-02-15,46218.8984375
2024-02-16,46384.8515625
2024-02-19,46535.5
2024-02-20,47094.19921875
2024-02-21,47019.69921875
2024-02-22,46919.80078125
2024-02-23,46811.75
2024-02-26,46576.5
2024-02-27,46588.05078125
2024-02-28,45963.1484375
2024-02-29,46120.8984375
2024-03-01,47286.8984375
2024-03-04,47456.1015625
2024-03-05,47581.0
2024-03-06,47965.3984375
2024-03-07,47835.80078125
2024-03-11,47327.8515625
2024-03-12,47282.3984375
2024-03-13,46981.30078125
2024-03-14,46789.94921875
2024-03-15,46594.1015625
2024-03-18,46575.8984375
2024-03-19,46384.80078125
2024-03-20,46310.8984375
2024-03-21,46684.8984375
2024-03-22,46863.75
2024-03-26,46600.19921875
2024-03-27,46785.94921875
2024-03-28,47124.6015625
2024-04-01,47578.25
2024-04-02,47545.44921875
2024-04-03,47624.25
2024-04-04,48060.80078125
2024-04-05,48493.05078125
2024-04-08,48581.69921875
2024-04-09,48730.55078125
2024-04-10,48986.6015625
2024-04-12,48564.55078125
2024-04-15,47773.25
2024-04-16,47484.80078125
2024-04-18,47069.44921875
2024-04-19,47574.1484375
2024-04-22,47924.8984375
2024-04-23,47970.44921875
2024-04-24,48189.0
2024-04-25,48494.94921875
2024-04-26,48201.05078125
2024-04-29,49424.05078125
2024-04-30,49396.75
2024-05-02,49231.05078125
2024-05-03,48923.55078125
2024-05-06,48895.30078125
2024-05-07,48285.3515625
2024-05-08,48021.1015625
2024-05-09,47487.8984375
2024-05-10,47421.1015625
2024-05-13,47754.1015625
2024-05-14,47859.44921875
2024-05-15,47687.44921875
2024-05-16,47977.05078125
2024-05-17,48115.6484375
2024-05-21,48048.19921875
2024-05-22,47781.94921875
2024-05-23,48768.6015625
2024-05-24,48971.6484375
2024-05-27,49281.80078125
2024-05-28,49142.1484375
2024-05-29,48501.3515625
2024-05-30,48682.3515625
2024-05-31,48983.94921875
2024-06-03,50979.94921875
2024-06-04,46928.6015625
2024-06-05,49054.6015625
2024-06-06,49291.8984375
2024-06-07,49803.19921875
2024-06-10,49780.8984375
2024-06-11,49705.75
2024-06-12,49895.1015625
2024-06-13,49846.69921875
2024-06-14,50002.0
2024-06-18,50440.8984375
2024-06-19,51398.05078125
2024-06-20,51783.25
2024-06-21,51661.44921875
2024-06-24,51703.94921875
2024-06-25,52606.0
2024-06-26,52870.5
2024-06-27,52811.30078125
2024-06-28,52342.25
2024-07-01,52574.75
2024-07-02,52168.1015625
2024-07-03,53089.25
2024-07-04,53103.69921875
2024-07-05,52660.3515625
2024-07-08,52425.80078125
2024-07-09,52568.80078125
2024-07-10,52189.30078125
2024-07-11,52270.6484375
2024-07-12,52278.8984375
2024-07-15,52455.8984375
2024-07-16,52396.80078125
2024-07-18,52620.69921875
2024-07-19,52265.6015625
2024-07-22,52280.3984375
2024-07-23,51778.30078125
2024-07-24,51317.0
2024-07-25,50888.75
2024-07-26,51295.94921875
2024-07-29,51406.25
2024-07-30,51499.30078125
2024-07-31,51553.3984375
2024-08-01,51564.0
2024-08-02,51350.1484375
2024-08-05,50092.1015625
2024-08-06,49748.30078125
2024-08-07,50119.0
2024-08-08,50156.69921875
2024-08-09,50484.5
2024-08-12,50577.94921875
2024-08-13,49831.8515625
2024-08-14,49727.30078125
2024-08-16,50516.8984375
2024-08-19,50368.3515625
2024-08-20,50803.1484375
2024-08-21,50685.55078125
2024-08-22,50985.69921875
2024-08-23,50933.44921875
2024-08-26,51148.1015625
2024-08-27,51278.75
2024-08-28,51143.8515625
2024-08-29,51152.75
2024-08-30,51351.0
2024-09-02,51439.55078125
2024-09-03,51689.1015625
2024-09-04,51400.25
2024-09-05,51473.05078125
2024-09-06,50576.8515625
2024-09-09,51117.80078125
2024-09-10,51272.30078125
2024-09-11,51010.0
2024-09-12,51772.3984375
2024-09-13,51938.05078125
2024-09-16,52153.1484375
2024-09-17,52188.6484375
2024-09-18,52750.3984375
2024-09-19,53037.6015625
2024-09-20,53793.19921875
2024-09-23,54105.80078125
2024-09-24,53968.6015625
2024-09-25,54101.6484375
2024-09-26,54375.3515625
2024-09-27,53834.30078125
2024-09-30,52978.1015625
2024-10-01,52922.6015625
2024-10-03,51845.19921875
2024-10-04,51462.05078125
2024-10-07,50478.8984375
2024-10-08,51021.0
2024-10-09,51007.0
2024-10-10,51530.8984375
2024-10-11,51172.30078125
2024-10-14,51816.8984375
2024-10-15,51906.0
2024-10-16,51801.05078125
2024-10-17,51288.80078125
2024-10-18,52094.19921875
2024-10-21,51962.69921875
2024-10-22,51257.1484375
2024-10-23,51239.0
2024-10-24,51531.1484375
2024-10-25,50787.44921875
2024-10-28,51259.30078125
2024-10-29,52320.69921875
2024-10-30,51807.5
2024-10-31,51475.3515625
2024-11-01,51673.8984375
2024-11-04,51215.25
2024-11-05,52207.25
2024-11-06,52317.3984375
2024-11-07,51916.5
2024-11-08,51561.19921875
2024-11-11,51876.75
2024-11-12,51157.80078125
2024-11-13,50088.3515625
2024-11-14,50179.55078125
2024-11-18,50363.80078125
2024-11-19,50626.5
2024-11-21,50372.8984375
2024-11-22,51135.3984375
2024-11-25,52207.5
2024-11-26,52191.5
2024-11-27,52301.80078125
2024-11-28,51906.8515625
2024-11-29,52055.6015625
2024-12-02,52109.0
2024-12-03,52695.75
2024-12-04,53266.8984375
2024-12-05,53603.55078125
2024-12-06,53509.5
2024-12-09,53407.75
2024-12-10,53577.69921875
2024-12-11,53391.3515625
2024-12-12,53216.44921875
2024-12-13,53583.80078125
2024-12-16,53581.3515625
2024-12-17,52834.80078125
2024-12-18,52139.55078125
2024-12-19,51575.69921875
2024-12-20,50759.19921875
2024-12-23,51317.6015625
2024-12-24,51233.0
2024-12-26,51170.69921875
2024-12-27,51311.30078125
2024-12-30,50952.75
2024-12-31,50860.19921875
2025-01-01,51060.6015625
2025-01-02,51605.55078125
2025-01-03,50988.80078125
2025-01-06,49922.0
2025-01-07,50202.1484375
2025-01-08,49835.05078125
2025-01-09,49503.5
2025-01-10,48734.1484375
2025-01-13,48041.25
2025-01-14,48729.1484375
2025-01-15,48751.69921875
2025-01-16,49278.69921875
2025-01-17,48540.6015625
2025-01-20,49350.80078125
2025-01-21,48570.8984375
2025-01-22,48724.3984375
2025-01-23,48589.0
2025-01-24,48367.80078125
2025-01-27,48064.6484375
2025-01-28,48866.8515625
2025-01-29,49165.94921875
2025-01-30,49311.94921875
2025-01-31,49587.19921875
2025-02-03,49210.55078125
2025-02-04,50157.94921875
2025-02-05,50343.05078125
2025-02-06,50382.1015625
2025-02-07,50158.8515625
2025-02-10,49981.0
2025-02-11,49403.3984375
2025-02-12,49479.44921875
2025-02-13,49359.8515625
2025-02-14,49099.44921875
2025-02-17,49258.8984375
2025-02-18,49087.30078125
2025-02-19,49570.1015625
2025-02-20,49334.55078125
2025-02-21,48981.19921875
2025-02-24,48651.94921875
2025-02-25,48608.3515625
2025-02-27,48743.80078125
2025-02-28,48344.69921875
2025-03-03,48114.30078125
2025-03-04,48245.19921875
2025-03-05,48489.94921875
2025-03-06,48627.69921875
2025-03-07,48497.5
2025-03-10,48216.80078125
2025-03-11,47853.94921875
2025-03-12,48056.6484375
2025-03-13,48060.3984375
2025-03-17,48354.1484375
2025-03-18,49314.5
2025-03-19,49702.6015625
2025-03-20,50062.8515625
2025-03-21,50593.55078125
2025-03-24,51704.94921875
2025-03-25,51607.94921875
2025-03-26,51209.0
2025-03-27,51575.8515625
2025-03-28,51564.8515625
2025-04-01,50827.5
2025-04-02,51348.05078125
2025-04-03,51597.3515625
2025-04-04,51502.69921875
2025-04-07,49860.1015625
2025-04-08,50511.0
2025-04-09,50240.1484375
2025-04-11,51002.3515625
2025-04-15,52379.5
2025-04-16,53117.75
2025-04-17,54290.19921875
2025-04-21,55304.5
2025-04-22,55647.19921875
2025-04-23,55370.05078125
2025-04-24,55201.3984375
2025-04-25,54664.05078125
2025-04-28,55432.80078125
2025-04-29,55391.25
2025-04-30,55087.1484375
2025-05-02,55115.3515625
2025-05-05,54919.5
2025-05-06,54271.3984375
2025-05-07,54610.8984375
2025-05-08,54365.6484375
2025-05-09,53595.25
2025-05-12,55382.8515625
2025-05-13,54940.8515625
2025-05-14,54801.30078125
2025-05-15,55355.6015625
2025-05-16,55354.8984375
2025-05-19,55420.69921875
2025-05-20,54877.3515625
2025-05-21,55075.1015625
2025-05-22,54941.30078125
2025-05-23,55398.25
2025-05-26,55572.0
2025-05-27,55352.80078125
2025-05-28,55417.0
2025-05-29,55546.05078125
2025-05-30,55749.69921875
2025-06-02,55903.3984375
2025-06-03,55599.94921875
2025-06-04,55676.8515625
2025-06-05,55760.8515625
2025-06-06,56578.3984375
2025-06-09,56839.6015625
2025-06-10,56629.1015625
2025-06-11,56459.75
2025-06-12,56082.55078125
2025-06-13,55527.3515625
2025-06-16,55944.8984375
2025-06-17,55714.1484375
2025-06-18,55828.75
2025-06-19,55577.44921875
2025-06-20,56252.8515625
2025-06-23,56059.3515625
2025-06-24,56461.8984375
2025-06-25,56621.1484375
2025-06-26,57206.69921875
2025-06-27,57443.8984375
2025-06-30,57312.75
2025-07-01,57459.44921875
2025-07-02,56999.19921875
2025-07-03,56791.94921875
2025-07-04,57031.8984375
2025-07-07,56949.19921875
2025-07-08,57256.30078125
2025-07-09,57213.55078125
2025-07-10,56956.0
2025-07-11,56754.69921875
2025-07-14,56765.3515625
2025-07-15,57006.6484375
2025-07-16,57168.94921875
2025-07-17,56828.80078125
2025-07-18,56283.0
2025-07-21,56952.75
2025-07-22,56756.0
2025-07-23,57210.44921875
2025-07-24,57066.05078125
2025-07-25,56528.8984375
2025-07-28,56084.8984375
2025-07-29,56222.0
2025-07-30,56150.69921875
2025-07-31,55961.94921875
2025-08-01,55617.6015625
2025-08-04,55619.3515625
2025-08-05,55360.25
2025-08-06,55411.1484375
2025-08-07,55521.1484375
2025-08-08,55004.8984375
2025-08-11,55510.75
2025-08-12,55043.69921875
2025-08-13,55181.44921875
2025-08-14,55341.8515625
2025-08-18,55734.8984375
2025-08-19,55865.1484375
2025-08-20,55698.5
2025-08-21,55755.44921875
2025-08-22,55149.3984375
2025-08-25,55139.30078125
2025-08-26,54450.44921875
2025-08-28,53820.3515625
2025-08-29,53655.6484375
2025-09-01,54002.44921875
2025-09-02,53661.0
2025-09-03,54067.55078125
2025-09-04,54075.44921875
2025-09-05,54114.55078125
2025-09-08,54186.8984375
2025-09-09,54216.1015625
2025-09-10,54536.0
2025-09-11,54669.6015625
2025-09-12,54809.30078125
2025-09-15,54887.8515625
2025-09-16,55147.6015625
2025-09-17,55493.30078125
2025-09-18,55727.44921875
2025-09-19,55458.8515625
2025-09-22,55284.75
2025-09-23,55509.75
2025-09-24,55121.5
2025-09-25,54976.19921875
2025-09-26,54389.3515625
2025-09-29,54461.0
2025-09-30,54635.8515625
2025-10-01,55347.94921875
2025-10-03,55589.25
2025-10-06,56104.8515625
2025-10-07,56239.3515625
2025-10-08,56018.25
2025-10-09,56192.05078125
2025-10-10,56609.75
2025-10-13,56625.0
2025-10-14,56496.44921875
2025-10-15,56799.8984375
2025-10-16,57422.55078125
2025-10-17,57713.3515625
2025-10-20,58033.19921875
2025-10-21,58007.19921875
2025-10-23,58078.05078125
2025-10-24,57699.6015625
2025-10-27,58114.25
2025-10-28,58214.1015625
2025-10-29,58385.25
2025-10-30,58031.1015625
2025-10-31,57776.3515625
2025-11-03,58101.44921875
2025-11-04,57827.05078125
2025-11-06,57554.25
2025-11-07,57876.80078125
2025-11-10,57937.55078125
2025-11-11,58138.1484375
2025-11-12,58274.6484375
2025-11-13,58381.94921875
2025-11-14,58517.55078125
2025-11-17,58962.69921875
2025-11-18,58899.25
2025-11-19,59216.05078125
2025-11-20,59347.69921875
2025-11-21,58867.69921875
2025-11-24,58835.3515625
2025-11-25,58820.30078125
2025-11-26,59528.05078125
2025-11-27,59737.30078125
2025-11-28,59752.69921875
2025-12-01,59681.3515625
2025-12-02,59273.80078125
2025-12-03,59348.25
2025-12-04,59288.69921875
2025-12-05,59777.19921875
2025-12-08,59238.55078125
2025-12-09,59222.3515625
2025-12-10,58960.3984375
2025-12-11,59209.8515625
2025-12-12,59389.94921875
2025-12-15,59461.80078125
2025-12-16,59034.6015625
2025-12-17,58926.75
2025-12-18,58912.8515625
2025-12-19,59069.19921875
2025-12-22,59304.0
2025-12-23,59299.55078125
2025-12-24,59183.6015625
2025-12-26,59011.3515625
2025-12-29,58932.3515625
2025-12-30,59171.25
