Date,Close
2010-01-04,5877.25
2010-01-05,5913.64990234375
2010-01-06,5824.89990234375
2010-01-07,5702.85009765625
2010-01-08,5607.89990234375
2010-01-11,5649.64990234375
2010-01-12,5862.39990234375
2010-01-13,6075.7998046875
2010-01-14,6105.2998046875
2010-01-15,6118.39990234375
2010-01-18,6181.14990234375
2010-01-19,6068.7001953125
2010-01-20,6052.39990234375
2010-01-21,5951.89990234375
2010-01-22,5874.60009765625
2010-01-25,5799.2998046875
2010-01-27,5599.0
2010-01-28,5649.35009765625
2010-01-29,5594.14990234375
2010-02-01,5643.4501953125
2010-02-02,5586.7001953125
2010-02-03,5698.85009765625
2010-02-04,5565.9501953125
2010-02-05,5449.75
2010-02-08,5484.64990234375
2010-02-09,5606.2998046875
2010-02-10,5573.4501953125
2010-02-11,5644.2001953125
2010-02-15,5667.0498046875
2010-02-16,5745.10009765625
2010-02-17,5743.7998046875
2010-02-18,5741.10009765625
2010-02-19,5712.4501953125
2010-02-22,5752.7998046875
2010-02-23,5783.7998046875
2010-02-24,5779.75
2010-02-25,5782.10009765625
2010-02-26,5766.7001953125
2010-03-02,5848.7001953125
2010-03-03,5896.7001953125
2010-03-04,5833.60009765625
2010-03-05,5843.2001953125
2010-03-08,5882.7001953125
2010-03-09,5925.10009765625
2010-03-10,5897.85009765625
2010-03-11,5960.0498046875
2010-03-12,5960.64990234375
2010-03-15,6038.4501953125
2010-03-16,6102.75
2010-03-17,6143.0
2010-03-18,6174.7001953125
2010-03-19,6145.4501953125
2010-03-22,6128.75
2010-03-23,6142.7001953125
2010-03-25,6201.2001953125
2010-03-26,6151.89990234375
2010-03-29,6050.9501953125
2010-03-30,5917.75
2010-03-31,5855.9501953125
2010-04-01,5984.0
2010-04-05,5993.89990234375
2010-04-06,5934.7998046875
2010-04-07,5920.0498046875
2010-04-08,5950.0
2010-04-09,5950.7001953125
2010-04-12,5963.7998046875
2010-04-13,6141.14990234375
2010-04-15,6171.75
2010-04-16,6142.85009765625
2010-04-19,6064.25
2010-04-20,6000.0
2010-04-21,6004.60009765625
2010-04-22,6017.2001953125
2010-04-23,6016.14990234375
2010-04-26,6040.0
2010-04-27,6037.75
2010-04-28,5949.64990234375
2010-04-29,5938.5498046875
2010-04-30,5985.7998046875
2010-05-03,5930.0
2010-05-04,5871.7998046875
2010-05-05,5932.0
2010-05-06,5867.89990234375
2010-05-07,5726.60009765625
2010-05-10,5890.89990234375
2010-05-11,5834.35009765625
2010-05-12,5876.25
2010-05-13,5922.60009765625
2010-05-14,5839.75
2010-05-17,5744.5498046875
2010-05-18,5754.7001953125
2010-05-19,5663.10009765625
2010-05-20,5659.89990234375
2010-05-21,5606.4501953125
2010-05-24,5638.5
2010-05-25,5488.10009765625
2010-05-26,5674.39990234375
2010-05-27,5713.60009765625
2010-05-28,5783.60009765625
2010-05-31,5761.9501953125
2010-06-01,5688.2998046875
2010-06-02,5738.4501953125
2010-06-03,5839.64990234375
2010-06-04,5884.2998046875
2010-06-07,5785.85009765625
2010-06-08,5740.7001953125
2010-06-09,5670.39990234375
2010-06-10,5735.10009765625
2010-06-11,5739.25
2010-06-14,5945.25
2010-06-15,5916.75
2010-06-16,5969.89990234375
2010-06-17,5975.89990234375
2010-06-18,6006.9501953125
2010-06-21,6037.25
2010-06-22,5958.5498046875
2010-06-23,6007.64990234375
2010-06-24,6014.60009765625
2010-06-25,5921.75
2010-06-28,5979.60009765625
2010-06-29,5934.14990234375
2010-06-30,5928.2998046875
2010-07-01,5861.25
2010-07-02,5836.2998046875
2010-07-05,5862.60009765625
2010-07-06,5959.5498046875
2010-07-07,5954.39990234375
2010-07-08,6041.2998046875
2010-07-09,6108.39990234375
2010-07-12,6185.64990234375
2010-07-13,6028.0498046875
2010-07-14,5952.4501953125
2010-07-15,5985.5
2010-07-16,6086.10009765625
2010-07-19,6072.7998046875
2010-07-20,6052.5
2010-07-21,6097.4501953125
2010-07-22,6076.25
2010-07-23,6100.39990234375
2010-07-26,6131.35009765625
2010-07-27,6168.64990234375
2010-07-28,6161.39990234375
2010-07-29,6152.35009765625
2010-07-30,6086.85009765625
2010-08-02,6104.35009765625
2010-08-03,6077.0
2010-08-04,6274.2001953125
2010-08-05,6288.7001953125
2010-08-06,6259.89990234375
2010-08-09,6306.85009765625
2010-08-10,6216.0
2010-08-11,6161.2998046875
2010-08-12,6091.0498046875
2010-08-13,6116.7001953125
2010-08-16,6086.85009765625
2010-08-17,6059.5
2010-08-18,6184.39990234375
2010-08-19,6183.89990234375
2010-08-20,6128.60009765625
2010-08-23,6178.9501953125
2010-08-24,6117.60009765625
2010-08-25,6109.9501953125
2010-08-26,6116.14990234375
2010-08-27,6005.89990234375
2010-08-30,5971.25
2010-08-31,5974.89990234375
2010-09-01,6086.4501953125
2010-09-02,6055.2001953125
2010-09-03,6076.10009765625
2010-09-06,6184.4501953125
2010-09-07,6253.64990234375
2010-09-08,6287.7001953125
2010-09-09,6302.0
2010-09-13,6358.14990234375
2010-09-14,6441.75
2010-09-15,6602.0
2010-09-16,6447.25
2010-09-17,6477.85009765625
2010-09-20,6528.4501953125
2010-09-21,6673.2998046875
2010-09-22,6594.60009765625
2010-09-23,6596.39990234375
2010-09-24,6634.7001953125
2010-09-27,6600.75
2010-09-28,6560.5
2010-09-29,6578.60009765625
2010-09-30,6613.39990234375
2010-10-01,6759.14990234375
2010-10-04,6733.35009765625
2010-10-05,6732.7998046875
2010-10-06,6776.85009765625
2010-10-07,6681.4501953125
2010-10-08,6710.64990234375
2010-10-11,6716.25
2010-10-12,6724.14990234375
2010-10-13,6924.75
2010-10-14,6952.7998046875
2010-10-15,6730.10009765625
2010-10-18,6814.0
2010-10-19,6663.0
2010-10-20,6652.2998046875
2010-10-21,6715.2998046875
2010-10-22,6777.10009765625
2010-10-25,6751.7998046875
2010-10-26,6736.85009765625
2010-10-27,6663.64990234375
2010-10-28,6632.5498046875
2010-10-29,6613.25
2010-11-01,6670.0
2010-11-02,6712.7001953125
2010-11-03,6721.25
2010-11-04,6818.64990234375
2010-11-08,6723.60009765625
2010-11-09,6811.7001953125
2010-11-10,6851.5498046875
2010-11-11,6762.7001953125
2010-11-12,6663.2001953125
2010-11-15,6733.0
2010-11-16,6608.2998046875
2010-11-18,6631.0
2010-11-19,6503.5
2010-11-22,6666.5498046875
2010-11-23,6619.85009765625
2010-11-24,6540.75
2010-11-25,6617.89990234375
2010-11-26,6615.39990234375
2010-11-29,6688.89990234375
2010-11-30,6703.60009765625
2010-12-01,6723.2998046875
2010-12-02,6827.60009765625
2010-12-03,6856.64990234375
2010-12-06,6890.5498046875
2010-12-07,6932.2998046875
2010-12-08,6850.89990234375
2010-12-09,6843.75
2010-12-10,6869.10009765625
2010-12-13,6886.10009765625
2010-12-14,6935.5
2010-12-15,7024.64990234375
2010-12-16,7211.7998046875
2010-12-20,7332.0498046875
2010-12-21,7325.7001953125
2010-12-22,7302.9501953125
2010-12-23,7339.60009765625
2010-12-24,7353.64990234375
2010-12-27,7364.10009765625
2010-12-28,7387.25
2010-12-29,7426.60009765625
2010-12-30,7503.64990234375
2010-12-31,7491.10009765625
2011-01-03,7492.4501953125
2011-01-04,7512.2998046875
2011-01-05,7508.0
2011-01-06,7545.9501953125
2011-01-07,7333.7998046875
2011-01-10,7317.4501953125
2011-01-11,7194.5
2011-01-12,7324.0498046875
2011-01-13,7063.9501953125
2011-01-14,7068.2001953125
2011-01-17,7178.2001953125
2011-01-18,7360.85009765625
2011-01-19,7267.10009765625
2011-01-20,7353.75
2011-01-21,7249.7998046875
2011-01-24,7295.10009765625
2011-01-25,7242.5
2011-01-27,7146.5498046875
2011-01-28,7065.35009765625
2011-01-31,6971.25
2011-02-01,6898.64990234375
2011-02-02,6961.64990234375
2011-02-03,6998.89990234375
2011-02-04,6850.64990234375
2011-02-07,6861.25
2011-02-08,6847.5
2011-02-09,6828.89990234375
2011-02-10,6720.4501953125
2011-02-11,6719.64990234375
2011-02-14,6869.0498046875
2011-02-15,6855.0498046875
2011-02-16,6862.10009765625
2011-02-17,6893.2998046875
2011-02-18,6832.0498046875
2011-02-21,7014.10009765625
2011-02-22,6966.7998046875
2011-02-23,6856.7001953125
2011-02-24,6706.4501953125
2011-02-25,6679.7998046875
2011-02-28,6666.2998046875
2011-03-01,6831.4501953125
2011-03-03,6786.7998046875
2011-03-04,6810.5498046875
2011-03-07,6747.0498046875
2011-03-08,6871.7001953125
2011-03-09,6861.89990234375
2011-03-10,6827.7001953125
2011-03-11,6722.25
2011-03-14,6822.0
2011-03-15,6689.0498046875
2011-03-16,6733.2998046875
2011-03-17,6633.85009765625
2011-03-18,6552.64990234375
2011-03-21,6504.85009765625
2011-03-22,6533.9501953125
2011-03-23,6595.64990234375
2011-03-24,6660.5498046875
2011-03-25,6930.64990234375
2011-03-28,6912.35009765625
2011-03-29,6983.25
2011-03-30,7010.0498046875
2011-03-31,7148.10009765625
2011-04-01,7109.85009765625
2011-04-04,7267.85009765625
2011-04-05,7313.7998046875
2011-04-06,7270.85009765625
2011-04-07,7215.39990234375
2011-04-08,7168.7998046875
2011-04-11,7157.85009765625
2011-04-13,7306.10009765625
2011-04-15,6842.14990234375
2011-04-18,6651.0498046875
2011-04-19,6668.4501953125
2011-04-20,6818.14990234375
2011-04-21,6780.85009765625
2011-04-25,6834.39990234375
2011-04-26,6825.35009765625
2011-04-27,6809.10009765625
2011-04-28,6729.75
2011-04-29,6718.35009765625
2011-05-02,6715.64990234375
2011-05-03,6644.7001953125
2011-05-04,6576.5
2011-05-05,6506.5498046875
2011-05-06,6627.0
2011-05-09,6620.2998046875
2011-05-10,6596.75
2011-05-11,6650.4501953125
2011-05-12,6569.2001953125
2011-05-13,6609.5498046875
2011-05-16,6564.0498046875
2011-05-17,6562.5
2011-05-18,6582.5498046875
2011-05-19,6594.25
2011-05-20,6615.39990234375
2011-05-23,6566.85009765625
2011-05-24,6557.60009765625
2011-05-25,6457.39990234375
2011-05-26,6450.4501953125
2011-05-27,6507.60009765625
2011-05-30,6515.89990234375
2011-05-31,6538.5
2011-06-01,6604.0498046875
2011-06-02,6573.2001953125
2011-06-03,6562.0498046875
2011-06-06,6610.4501953125
2011-06-07,6696.4501953125
2011-06-08,6672.60009765625
2011-06-09,6659.35009765625
2011-06-10,6653.4501953125
2011-06-13,6650.60009765625
2011-06-14,6671.35009765625
2011-06-15,6595.2001953125
2011-06-16,6480.75
2011-06-17,6357.10009765625
2011-06-20,6166.4501953125
2011-06-21,6237.14990234375
2011-06-22,6240.2001953125
2011-06-23,6298.35009765625
2011-06-24,6499.10009765625
2011-06-27,6530.7998046875
2011-06-28,6525.35009765625
2011-06-29,6570.60009765625
2011-06-30,6624.7001953125
2011-07-01,6674.75
2011-07-04,6685.85009765625
2011-07-05,6708.39990234375
2011-07-06,6704.10009765625
2011-07-07,6787.35009765625
2011-07-08,6723.85009765625
2011-07-11,6612.0498046875
2011-07-12,6415.4501953125
2011-07-13,6408.5498046875
2011-07-14,6325.89990234375
2011-07-15,6346.0498046875
2011-07-18,6296.75
2011-07-19,6365.9501953125
2011-07-20,6327.7001953125
2011-07-21,6335.89990234375
2011-07-22,6438.5
2011-07-25,6434.4501953125
2011-07-26,6426.85009765625
2011-07-27,6408.4501953125
2011-07-28,6307.39990234375
2011-07-29,6335.10009765625
2011-08-01,6382.10009765625
2011-08-02,6274.9501953125
2011-08-03,6217.35009765625
2011-08-04,6157.2001953125
2011-08-05,5911.5498046875
2011-08-08,5651.75
2011-08-09,5452.39990234375
2011-08-10,5588.7001953125
2011-08-11,5555.60009765625
2011-08-12,5416.25
2011-08-16,5469.64990234375
2011-08-17,5571.2001953125
2011-08-18,5348.35009765625
2011-08-19,5113.85009765625
2011-08-22,5087.64990234375
2011-08-23,5289.10009765625
2011-08-24,5222.10009765625
2011-08-25,5096.7001953125
2011-08-26,5088.7001953125
2011-08-29,5339.10009765625
2011-08-30,5451.25
2011-09-02,5384.14990234375
2011-09-05,5299.64990234375
2011-09-06,5366.2001953125
2011-09-07,5374.9501953125
2011-09-08,5456.10009765625
2011-09-09,5339.2001953125
2011-09-12,5157.85009765625
2011-09-13,5204.75
2011-09-14,5425.10009765625
2011-09-15,5550.14990234375
2011-09-16,5494.0498046875
2011-09-19,5443.39990234375
2011-09-20,5613.35009765625
2011-09-21,5606.9501953125
2011-09-22,5385.2998046875
2011-09-23,5367.75
2011-09-26,5387.64990234375
2011-09-27,5579.7001953125
2011-09-28,5623.89990234375
2011-09-29,5746.14990234375
2011-09-30,5678.89990234375
2011-10-03,5588.10009765625
2011-10-04,5537.10009765625
2011-10-05,5532.7998046875
2011-10-07,5640.9501953125
2011-10-10,5796.4501953125
2011-10-11,5637.9501953125
2011-10-12,5934.25
2011-10-13,5978.5498046875
2011-10-14,6119.64990234375
2011-10-17,6096.5
2011-10-18,5881.0
2011-10-19,5959.89990234375
2011-10-20,5975.0
2011-10-21,5948.4501953125
2011-10-24,6056.5
2011-10-25,6217.2998046875
2011-10-28,6273.9501953125
2011-10-31,6278.7001953125
2011-11-01,6214.10009765625
2011-11-02,6220.10009765625
2011-11-03,6169.7998046875
2011-11-04,6200.2001953125
2011-11-08,6216.4501953125
2011-11-09,6233.0498046875
2011-11-11,6168.85009765625
2011-11-14,6210.2998046875
2011-11-15,6175.10009765625
2011-11-16,6111.10009765625
2011-11-17,6065.10009765625
2011-11-18,6017.7998046875
2011-11-21,5888.2998046875
2011-11-22,5987.2001953125
2011-11-23,5843.39990234375
2011-11-24,5918.75
2011-11-25,5797.4501953125
2011-11-28,5895.7998046875
2011-11-29,5854.2001953125
2011-11-30,5893.25
2011-12-01,5996.39990234375
2011-12-02,6122.89990234375
2011-12-05,6129.7998046875
2011-12-07,6223.0498046875
2011-12-08,6179.2998046875
2011-12-09,6135.25
2011-12-12,6194.4501953125
2011-12-13,6208.14990234375
2011-12-14,6198.5
2011-12-15,6160.64990234375
2011-12-16,6112.5498046875
2011-12-19,6043.60009765625
2011-12-20,5989.9501953125
2011-12-21,6131.25
2011-12-22,6076.5498046875
2011-12-23,6058.60009765625
2011-12-26,6202.2998046875
2011-12-27,6168.64990234375
2011-12-28,6167.2001953125
2011-12-29,6111.7001953125
2011-12-30,6139.0
2012-01-02,6217.7001953125
2012-01-03,6356.14990234375
2012-01-04,6325.10009765625
2012-01-05,6301.5498046875
2012-01-06,6281.10009765625
2012-01-09,6287.89990234375
2012-01-10,6331.75
2012-01-11,6249.2998046875
2012-01-12,5872.75
2012-01-13,5872.60009765625
2012-01-16,5990.2998046875
2012-01-17,6041.0
2012-01-18,5912.0
2012-01-19,5893.2001953125
2012-01-20,5897.9501953125
2012-01-23,5910.5498046875
2012-01-24,5964.25
2012-01-25,6038.10009765625
2012-01-27,6136.2998046875
2012-01-30,6103.7998046875
2012-01-31,6193.85009765625
2012-02-01,6192.39990234375
2012-02-02,6280.5498046875
2012-02-03,6339.9501953125
2012-02-06,6370.89990234375
2012-02-07,6308.5498046875
2012-02-08,6414.64990234375
2012-02-09,6492.5498046875
2012-02-10,6484.35009765625
2012-02-13,6461.14990234375
2012-02-14,6465.7001953125
2012-02-15,6575.39990234375
2012-02-16,6621.9501953125
2012-02-17,6703.0498046875
2012-02-21,6703.89990234375
2012-02-22,6718.7001953125
2012-02-23,6704.5
2012-02-24,6747.2001953125
2012-02-27,6608.89990234375
2012-02-28,6572.4501953125
2012-02-29,6606.85009765625
2012-03-01,6553.2001953125
2012-03-02,6532.39990234375
2012-03-05,6471.39990234375
2012-03-06,6511.7001953125
2012-03-07,6563.25
2012-03-09,6558.4501953125
2012-03-12,6492.7001953125
2012-03-13,6546.75
2012-03-14,6515.2001953125
2012-03-15,6519.0
2012-03-16,6501.25
2012-03-19,6404.39990234375
2012-03-20,6423.39990234375
2012-03-21,6523.89990234375
2012-03-22,6437.14990234375
2012-03-23,6532.14990234375
2012-03-26,6436.75
2012-03-27,6507.2998046875
2012-03-28,6450.64990234375
2012-03-29,6366.35009765625
2012-03-30,6516.0
2012-04-02,6548.0
2012-04-03,6550.89990234375
2012-04-04,6539.89990234375
2012-04-09,6466.64990234375
2012-04-10,6396.25
2012-04-11,6413.7998046875
2012-04-12,6343.85009765625
2012-04-13,5782.85009765625
2012-04-16,5751.10009765625
2012-04-17,5801.7001953125
2012-04-18,5815.0
2012-04-19,5861.75
2012-04-20,5849.4501953125
2012-04-23,5680.14990234375
2012-04-24,5928.39990234375
2012-04-25,5850.7001953125
2012-04-26,5871.89990234375
2012-04-27,5940.35009765625
2012-04-30,6085.39990234375
2012-05-02,6124.89990234375
2012-05-03,6161.10009765625
2012-05-04,6100.35009765625
2012-05-07,6089.2001953125
2012-05-08,5901.4501953125
2012-05-09,5898.7998046875
2012-05-10,5890.0
2012-05-11,5830.7998046875
2012-05-14,5855.85009765625
2012-05-15,5956.2998046875
2012-05-16,5870.25
2012-05-17,5869.10009765625
2012-05-18,5865.4501953125
2012-05-21,5796.5498046875
2012-05-22,5822.4501953125
2012-05-23,5832.14990234375
2012-05-24,5886.10009765625
2012-05-25,5879.85009765625
2012-05-28,5916.2998046875
2012-05-29,5983.25
2012-05-30,6012.35009765625
2012-05-31,6008.7998046875
2012-06-01,5902.75
2012-06-04,5884.0
2012-06-05,5904.89990234375
2012-06-06,5999.25
2012-06-07,6021.7998046875
2012-06-08,5975.5
2012-06-11,5965.4501953125
2012-06-12,6017.9501953125
2012-06-13,6040.7998046875
2012-06-14,6065.25
2012-06-15,6134.4501953125
2012-06-18,6082.0
2012-06-19,6069.14990234375
2012-06-20,6051.4501953125
2012-06-21,6043.35009765625
2012-06-22,6028.5498046875
2012-06-25,5997.0498046875
2012-06-26,5988.60009765625
2012-06-27,6042.39990234375
2012-06-28,6055.64990234375
2012-06-29,6144.60009765625
2012-07-02,6120.89990234375
2012-07-03,6087.5
2012-07-04,6074.75
2012-07-05,6077.35009765625
2012-07-06,6027.25
2012-07-09,6018.2001953125
2012-07-10,6056.5
2012-07-11,6049.35009765625
2012-07-12,5737.64990234375
2012-07-13,5713.89990234375
2012-07-16,5576.75
2012-07-17,5555.35009765625
2012-07-18,5582.25
2012-07-19,5682.25
2012-07-20,5674.2001953125
2012-07-23,5609.2001953125
2012-07-24,5571.2998046875
2012-07-25,5588.64990234375
2012-07-26,5489.60009765625
2012-07-27,5562.0
2012-07-30,5646.2998046875
2012-07-31,5695.25
2012-08-01,5670.7001953125
2012-08-02,5670.39990234375
2012-08-03,5697.14990234375
2012-08-06,5699.10009765625
2012-08-07,5799.7998046875
2012-08-08,5828.2998046875
2012-08-09,5827.60009765625
2012-08-10,5905.14990234375
2012-08-13,5912.35009765625
2012-08-14,5936.35009765625
2012-08-16,5915.89990234375
2012-08-17,5980.64990234375
2012-08-21,6085.2998046875
2012-08-22,6099.10009765625
2012-08-23,6207.60009765625
2012-08-24,6170.7001953125
2012-08-27,6112.9501953125
2012-08-28,6159.89990234375
2012-08-29,6099.14990234375
2012-08-30,6144.5498046875
2012-08-31,6072.35009765625
2012-09-03,6083.2001953125
2012-09-04,6084.0498046875
2012-09-05,6083.75
2012-09-06,6233.35009765625
2012-09-07,6342.7001953125
2012-09-10,6361.89990234375
2012-09-11,6424.64990234375
2012-09-12,6485.9501953125
2012-09-13,6514.35009765625
2012-09-14,6599.39990234375
2012-09-17,6398.2001953125
2012-09-18,6370.60009765625
2012-09-20,6422.5
2012-09-21,6379.5498046875
2012-09-24,6364.0
2012-09-25,6367.9501953125
2012-09-26,6348.7998046875
2012-09-27,6285.2001953125
2012-09-28,6313.7998046875
2012-10-01,6435.39990234375
2012-10-03,6422.5498046875
2012-10-04,6399.5
2012-10-05,6292.4501953125
2012-10-08,6207.9501953125
2012-10-09,6274.7998046875
2012-10-10,6225.7998046875
2012-10-11,6268.7001953125
2012-10-12,6106.14990234375
2012-10-15,6060.4501953125
2012-10-16,6050.85009765625
2012-10-17,6045.14990234375
2012-10-18,6088.85009765625
2012-10-19,6067.0
2012-10-22,6112.7998046875
2012-10-23,6063.14990234375
2012-10-25,6051.7001953125
2012-10-29,6032.4501953125
2012-10-30,6066.10009765625
2012-10-31,6087.85009765625
2012-11-01,6101.85009765625
2012-11-02,6163.4501953125
2012-11-05,6144.2001953125
2012-11-06,6139.5
2012-11-07,6192.75
2012-11-08,6163.0498046875
2012-11-09,6110.4501953125
2012-11-12,6138.64990234375
2012-11-15,6000.5
2012-11-16,6030.5
2012-11-19,6013.85009765625
2012-11-20,5990.85009765625
2012-11-21,6043.60009765625
2012-11-22,6087.9501953125
2012-11-23,6099.10009765625
2012-11-26,6174.4501953125
2012-11-27,6252.2998046875
2012-11-29,6226.60009765625
2012-11-30,6263.25
2012-12-03,6269.85009765625
2012-12-04,6233.85009765625
2012-12-05,6149.4501953125
2012-12-06,6063.7001953125
2012-12-07,6006.25
2012-12-10,5969.4501953125
2012-12-11,5917.60009765625
2012-12-12,5935.9501953125
2012-12-13,5909.5
2012-12-14,5947.75
2012-12-17,5877.2001953125
2012-12-18,5902.2001953125
2012-12-19,5976.25
2012-12-20,5994.9501953125
2012-12-21,5981.2998046875
2012-12-24,6037.25
2012-12-26,6023.60009765625
2012-12-27,5967.64990234375
2012-12-28,6044.25
2012-12-31,6024.9501953125
2013-01-01,6033.2998046875
2013-01-02,6031.0
2013-01-03,6097.60009765625
2013-01-04,6153.2001953125
2013-01-07,6175.4501953125
2013-01-08,6147.89990234375
2013-01-09,6101.0498046875
2013-01-10,6073.10009765625
2013-01-11,6639.85009765625
2013-01-14,6809.5
2013-01-15,6791.5
2013-01-16,6777.9501953125
2013-01-17,6869.4501953125
2013-01-18,6798.7001953125
2013-01-21,6789.39990234375
2013-01-22,6739.64990234375
2013-01-23,6725.7998046875
2013-01-24,6742.39990234375
2013-01-25,6800.75
2013-01-28,6822.7001953125
2013-01-29,6792.2998046875
2013-01-30,6787.85009765625
2013-01-31,6778.0
2013-02-01,6752.64990234375
2013-02-04,6750.25
2013-02-05,6728.7001953125
2013-02-06,6766.7998046875
2013-02-07,6799.0
2013-02-08,6852.7001953125
2013-02-11,6832.0498046875
2013-02-12,6791.89990234375
2013-02-13,6884.14990234375
2013-02-14,6900.35009765625
2013-02-15,6864.14990234375
2013-02-18,6834.7001953125
2013-02-19,6936.25
2013-02-20,6972.0498046875
2013-02-21,6939.85009765625
2013-02-22,6992.85009765625
2013-02-25,7095.2001953125
2013-02-26,7156.75
2013-02-27,7072.5
2013-02-28,7106.64990234375
2013-03-01,7117.7001953125
2013-03-04,7101.64990234375
2013-03-05,7200.2001953125
2013-03-06,7305.89990234375
2013-03-07,7410.25
2013-03-08,7357.0
2013-03-11,7304.60009765625
2013-03-12,7253.2001953125
2013-03-13,7170.39990234375
2013-03-14,7212.39990234375
2013-03-15,7224.35009765625
2013-03-18,7198.64990234375
2013-03-19,7152.5498046875
2013-03-20,7158.25
2013-03-21,7168.0498046875
2013-03-22,7119.7998046875
2013-03-25,7105.9501953125
2013-03-26,7137.0498046875
2013-03-28,7219.0498046875
2013-04-01,7264.35009765625
2013-04-02,7325.25
2013-04-03,7271.89990234375
2013-04-04,7072.7001953125
2013-04-05,7047.35009765625
2013-04-08,6977.10009765625
2013-04-09,6905.7001953125
2013-04-10,7042.9501953125
2013-04-11,7200.35009765625
2013-04-12,6354.89990234375
2013-04-15,6342.7001953125
2013-04-16,6301.10009765625
2013-04-17,6235.85009765625
2013-04-18,6232.60009765625
2013-04-22,6118.25
2013-04-23,6156.89990234375
2013-04-25,6059.7998046875
2013-04-26,5972.7001953125
2013-04-29,6015.4501953125
2013-04-30,6047.7001953125
2013-05-02,6205.89990234375
2013-05-03,6224.7001953125
2013-05-06,6343.25
2013-05-07,6372.75
2013-05-08,6380.14990234375
2013-05-09,6426.4501953125
2013-05-10,6439.85009765625
2013-05-13,6316.0
2013-05-14,6328.0498046875
2013-05-15,6359.7001953125
2013-05-16,6292.14990234375
2013-05-17,6331.0498046875
2013-05-20,6358.75
2013-05-21,6421.0
2013-05-22,6420.2001953125
2013-05-23,6378.4501953125
2013-05-24,6330.7998046875
2013-05-27,6410.9501953125
2013-05-28,6431.60009765625
2013-05-29,6396.25
2013-05-30,6390.39990234375
2013-05-31,6472.0498046875
2013-06-03,6551.64990234375
2013-06-04,6516.64990234375
2013-06-05,6474.0
2013-06-06,6451.5498046875
2013-06-07,6540.0498046875
2013-06-10,6604.7001953125
2013-06-11,6550.9501953125
2013-06-12,6438.60009765625
2013-06-13,6334.60009765625
2013-06-14,6370.39990234375
2013-06-17,6423.2001953125
2013-06-18,6451.9501953125
2013-06-19,6435.10009765625
2013-06-20,6290.14990234375
2013-06-21,6381.85009765625
2013-06-24,6309.4501953125
2013-06-25,6268.85009765625
2013-06-26,6378.35009765625
2013-06-27,6587.14990234375
2013-06-28,6634.14990234375
2013-07-01,6526.4501953125
2013-07-02,6474.25
2013-07-03,6451.2998046875
2013-07-04,6633.2001953125
2013-07-05,6604.7001953125
2013-07-08,6607.9501953125
2013-07-09,6653.89990234375
2013-07-10,6690.9501953125
2013-07-11,6799.5
2013-07-12,7249.39990234375
2013-07-15,7225.39990234375
2013-07-16,7208.7998046875
2013-07-17,7272.0
2013-07-18,7306.35009765625
2013-07-19,7503.7001953125
2013-07-22,7556.5498046875
2013-07-23,7604.0
2013-07-24,7669.25
2013-07-25,7678.14990234375
2013-07-26,7663.0
2013-07-29,7673.2998046875
2013-07-30,7718.85009765625
2013-07-31,7787.35009765625
2013-08-01,7777.10009765625
2013-08-02,7858.35009765625
2013-08-05,7916.5
2013-08-06,7877.14990234375
2013-08-07,7767.75
2013-08-08,7801.4501953125
2013-08-12,7841.4501953125
2013-08-13,7976.25
2013-08-14,7956.10009765625
2013-08-16,7774.2001953125
2013-08-19,7793.2001953125
2013-08-20,7693.5
2013-08-21,7594.0498046875
2013-08-22,7777.5
2013-08-23,7893.2001953125
2013-08-26,7958.64990234375
2013-08-27,7975.7998046875
2013-08-28,8175.2998046875
2013-08-29,8246.900390625
2013-08-30,8382.400390625
2013-09-02,8396.900390625
2013-09-03,8259.400390625
2013-09-04,8454.099609375
2013-09-05,8203.400390625
2013-09-06,8216.5
2013-09-10,8411.0498046875
2013-09-11,8373.25
2013-09-12,8270.150390625
2013-09-13,8172.64990234375
2013-09-16,8017.2001953125
2013-09-17,8154.25
2013-09-18,8159.10009765625
2013-09-19,8156.9501953125
2013-09-20,8132.7998046875
2013-09-23,8200.7001953125
2013-09-24,8169.10009765625
2013-09-25,8187.5498046875
2013-09-26,8157.7998046875
2013-09-27,8166.5498046875
2013-09-30,8167.7998046875
2013-10-01,8181.64990234375
2013-10-03,8360.849609375
2013-10-04,8352.349609375
2013-10-07,8461.5498046875
2013-10-08,8435.0
2013-10-09,8564.4501953125
2013-10-10,8603.7998046875
2013-10-11,8870.150390625
2013-10-14,9061.75
2013-10-15,9120.2998046875
2013-10-17,8797.849609375
2013-10-18,8893.849609375
2013-10-21,8854.900390625
2013-10-22,8915.150390625
2013-10-23,8829.5498046875
2013-10-24,8681.650390625
2013-10-25,8812.5498046875
2013-10-28,8783.2001953125
2013-10-29,8822.099609375
2013-10-30,8835.150390625
2013-10-31,8852.7998046875
2013-11-01,8799.5498046875
2013-11-05,8724.099609375
2013-11-06,8843.0498046875
2013-11-07,8956.5498046875
2013-11-08,8956.900390625
2013-11-11,8962.849609375
2013-11-12,8914.400390625
2013-11-13,8859.150390625
2013-11-14,8862.0
2013-11-18,8978.349609375
2013-11-19,9003.900390625
2013-11-20,8915.349609375
2013-11-21,8767.099609375
2013-11-22,8785.4501953125
2013-11-25,8783.7998046875
2013-11-26,8758.2998046875
2013-11-27,8702.400390625
2013-11-28,8748.349609375
2013-11-29,8820.75
2013-12-02,8854.0
2013-12-03,8867.7998046875
2013-12-04,8876.599609375
2013-12-05,8834.5498046875
2013-12-06,8827.7998046875
2013-12-09,8877.099609375
2013-12-10,9045.900390625
2013-12-11,9028.2001953125
2013-12-12,8964.9501953125
2013-12-13,8957.599609375
2013-12-16,9110.25
2013-12-17,9119.349609375
2013-12-18,9167.900390625
2013-12-19,9329.0
2013-12-20,9488.25
2013-12-23,9385.4501953125
2013-12-24,9391.5
2013-12-26,9430.099609375
2013-12-27,9579.099609375
2013-12-30,9499.599609375
2013-12-31,9517.849609375
2014-01-01,9462.7998046875
2014-01-02,9478.349609375
2014-01-03,9673.2001953125
2014-01-06,9640.75
2014-01-07,9522.75
2014-01-08,9531.5498046875
2014-01-09,9575.849609375
2014-01-10,9782.7001953125
2014-01-13,10060.150390625
2014-01-14,9996.7998046875
2014-01-15,10065.9501953125
2014-01-16,10127.75
2014-01-17,9884.349609375
2014-01-20,10154.0
2014-01-21,10095.5498046875
2014-01-22,10112.7998046875
2014-01-23,10086.349609375
2014-01-24,10010.5
2014-01-27,9938.650390625
2014-01-28,9837.9501953125
2014-01-29,9896.7001953125
2014-01-30,9878.75
2014-01-31,9957.4501953125
2014-02-03,9792.099609375
2014-02-04,9611.650390625
2014-02-05,9718.4501953125
2014-02-06,9696.0498046875
2014-02-07,9648.400390625
2014-02-10,9619.25
2014-02-11,9710.25
2014-02-12,9739.7998046875
2014-02-13,9721.349609375
2014-02-14,9855.4501953125
2014-02-17,9867.5
2014-02-18,9884.849609375
2014-02-19,10033.0498046875
2014-02-20,9971.7001953125
2014-02-21,10101.0498046875
2014-02-24,10067.650390625
2014-02-25,10162.900390625
2014-02-26,10200.849609375
2014-02-28,10338.5498046875
2014-03-03,10209.099609375
2014-03-04,10196.5498046875
2014-03-05,10237.25
2014-03-06,10254.599609375
2014-03-07,10054.900390625
2014-03-10,9809.5498046875
2014-03-11,9828.599609375
2014-03-12,9877.599609375
2014-03-13,9462.7001953125
2014-03-14,9439.0498046875
2014-03-18,9364.349609375
2014-03-19,9158.9501953125
2014-03-20,9313.5
2014-03-21,9370.75
2014-03-24,9365.0498046875
2014-03-25,9300.599609375
2014-03-26,9222.900390625
2014-03-27,9217.099609375
2014-03-28,9275.349609375
2014-03-31,9298.0
2014-04-01,9439.75
2014-04-02,9479.900390625
2014-04-03,9472.0
2014-04-04,9389.400390625
2014-04-07,9374.4501953125
2014-04-09,9276.900390625
2014-04-10,9179.2001953125
2014-04-11,9312.0
2014-04-15,9491.599609375
2014-04-16,9273.150390625
2014-04-17,9390.2001953125
2014-04-21,9330.25
2014-04-22,9279.2001953125
2014-04-23,9272.0498046875
2014-04-25,9275.0
2014-04-28,9261.2998046875
2014-04-29,9251.599609375
2014-04-30,9227.9501953125
2014-05-02,9319.5498046875
2014-05-05,9223.5498046875
2014-05-06,9179.7001953125
2014-05-07,8946.5498046875
2014-05-08,8963.599609375
2014-05-09,9048.5
2014-05-12,9132.349609375
2014-05-13,9364.7998046875
2014-05-14,9349.650390625
2014-05-15,9314.400390625
2014-05-16,9111.400390625
2014-05-19,8675.099609375
2014-05-20,8878.900390625
2014-05-21,8952.849609375
2014-05-22,8929.599609375
2014-05-23,8941.2998046875
2014-05-26,9061.0
2014-05-27,9101.849609375
2014-05-28,9237.25
2014-05-29,8927.400390625
2014-05-30,8970.2998046875
2014-06-02,8981.9501953125
2014-06-03,8976.400390625
2014-06-04,8863.900390625
2014-06-05,8984.599609375
2014-06-06,8945.099609375
2014-06-09,9017.7001953125
2014-06-10,9234.599609375
2014-06-11,9436.400390625
2014-06-12,9447.849609375
2014-06-13,9448.650390625
2014-06-16,9579.849609375
2014-06-17,9620.0498046875
2014-06-18,9521.349609375
2014-06-19,9698.900390625
2014-06-20,9700.2001953125
2014-06-23,9548.2001953125
2014-06-24,9570.75
2014-06-25,9587.900390625
2014-06-26,9579.400390625
2014-06-27,9819.9501953125
2014-06-30,9912.2998046875
2014-07-01,9802.849609375
2014-07-02,9807.599609375
2014-07-03,9831.349609375
2014-07-04,9866.9501953125
2014-07-07,10126.25
2014-07-08,10019.7001953125
2014-07-09,9903.2998046875
2014-07-10,9816.2001953125
2014-07-11,9933.5498046875
2014-07-14,9799.650390625
2014-07-15,9785.75
2014-07-16,9809.0
2014-07-17,9819.75
2014-07-18,9946.9501953125
2014-07-21,9912.400390625
2014-07-22,10086.650390625
2014-07-23,10306.849609375
2014-07-24,10400.150390625
2014-07-25,10339.7001953125
2014-07-28,10383.4501953125
2014-07-30,10361.0498046875
2014-07-31,10304.7001953125
2014-08-01,10155.2998046875
2014-08-04,10370.150390625
2014-08-05,10422.7001953125
2014-08-06,10484.599609375
2014-08-07,10342.9501953125
2014-08-08,10318.25
2014-08-11,10382.5498046875
2014-08-12,10394.849609375
2014-08-13,10480.400390625
2014-08-14,10468.25
2014-08-18,10418.7001953125
2014-08-19,10365.150390625
2014-08-20,10399.099609375
2014-08-21,10392.849609375
2014-08-22,10543.400390625
2014-08-25,10645.849609375
2014-08-26,10671.0
2014-08-27,10743.7998046875
2014-08-28,10679.650390625
2014-09-01,10705.2998046875
2014-09-02,10746.5498046875
2014-09-03,11005.099609375
2014-09-04,10960.4501953125
2014-09-05,11025.5498046875
2014-09-08,11167.75
2014-09-09,11069.900390625
2014-09-10,10942.4501953125
2014-09-11,10965.9501953125
2014-09-12,10958.5
2014-09-15,10868.150390625
2014-09-16,10811.5
2014-09-17,10991.400390625
2014-09-18,11055.2001953125
2014-09-19,11224.150390625
2014-09-22,11173.150390625
2014-09-23,11088.0498046875
2014-09-24,11074.2001953125
2014-09-25,11185.9501953125
2014-09-26,11138.0
2014-09-29,11326.599609375
2014-09-30,11302.7001953125
2014-10-01,11519.4501953125
2014-10-07,11428.599609375
2014-10-08,11043.400390625
2014-10-09,11065.150390625
2014-10-10,11311.25
2014-10-13,11437.0
2014-10-14,11350.2998046875
2014-10-16,11174.849609375
2014-10-17,10746.2001953125
2014-10-20,10673.099609375
2014-10-21,10692.349609375
2014-10-22,10767.400390625
2014-10-27,10714.2998046875
2014-10-28,10737.25
2014-10-29,10912.2998046875
2014-10-30,11124.599609375
2014-10-31,11341.0498046875
2014-11-03,11359.900390625
2014-11-05,11440.5
2014-11-07,11476.150390625
2014-11-10,11470.9501953125
2014-11-11,11439.7001953125
2014-11-12,11421.2998046875
2014-11-13,11539.599609375
2014-11-14,11571.75
2014-11-17,11608.150390625
2014-11-18,11512.900390625
2014-11-19,11524.2998046875
2014-11-20,11677.4501953125
2014-11-21,11596.9501953125
2014-11-24,11809.849609375
2014-11-25,11790.0
2014-11-26,11770.400390625
2014-11-27,11900.849609375
2014-11-28,11898.0498046875
2014-12-01,11981.0
2014-12-02,11812.75
2014-12-03,11807.900390625
2014-12-04,11748.75
2014-12-05,11536.25
2014-12-08,11176.4501953125
2014-12-09,11138.900390625
2014-12-10,11111.7001953125
2014-12-11,10986.25
2014-12-12,10929.900390625
2014-12-15,10727.75
2014-12-16,10891.599609375
2014-12-17,10860.099609375
2014-12-18,10987.4501953125
2014-12-19,11176.2001953125
2014-12-22,11202.099609375
2014-12-23,11094.599609375
2014-12-24,10928.0
2014-12-26,11036.7001953125
2014-12-29,11104.7001953125
2014-12-30,11149.7001953125
2014-12-31,11216.2998046875
2015-01-01,11215.7001953125
2015-01-02,11372.099609375
2015-01-05,11248.5498046875
2015-01-06,10959.900390625
2015-01-07,10916.0
2015-01-08,11018.150390625
2015-01-09,11399.650390625
2015-01-12,11543.650390625
2015-01-13,11502.7998046875
2015-01-14,11614.2998046875
2015-01-15,11669.849609375
2015-01-16,11659.599609375
2015-01-19,11642.75
2015-01-20,11695.0
2015-01-21,11813.7001953125
2015-01-22,11850.849609375
2015-01-23,11885.150390625
2015-01-27,11693.4501953125
2015-01-28,11809.5498046875
2015-01-29,11824.150390625
2015-01-30,11824.75
2015-02-02,11943.9501953125
2015-02-03,11963.900390625
2015-02-04,11938.900390625
2015-02-05,12165.150390625
2015-02-06,12267.9501953125
2015-02-09,12249.2998046875
2015-02-10,12162.849609375
2015-02-11,12243.400390625
2015-02-12,12372.0
2015-02-13,12464.9501953125
2015-02-16,12487.2001953125
2015-02-18,12632.75
2015-02-19,12723.7998046875
2015-02-20,12571.9501953125
2015-02-23,12531.2998046875
2015-02-24,12566.2001953125
2015-02-25,12633.349609375
2015-02-26,12458.5
2015-02-27,12554.9501953125
2015-03-02,12663.7001953125
2015-03-03,12855.900390625
2015-03-04,12730.599609375
2015-03-05,12665.5
2015-03-09,12422.25
2015-03-10,12405.0498046875
2015-03-11,12352.349609375
2015-03-12,12423.650390625
2015-03-13,12312.150390625
2015-03-16,12419.0498046875
2015-03-17,12383.150390625
2015-03-18,12276.099609375
2015-03-19,12275.2001953125
2015-03-20,12363.5
2015-03-23,12244.4501953125
2015-03-24,12180.0
2015-03-25,12225.599609375
2015-03-26,11902.099609375
2015-03-27,11968.5
2015-03-30,12100.849609375
2015-03-31,12083.0
2015-04-01,11952.2001953125
2015-04-06,11969.25
2015-04-07,11989.349609375
2015-04-08,12214.2998046875
2015-04-09,12279.400390625
2015-04-10,12294.75
2015-04-13,12333.7998046875
2015-04-15,12154.5498046875
2015-04-16,12059.0
2015-04-17,11803.0498046875
2015-04-20,11562.2001953125
2015-04-21,11558.400390625
2015-04-22,11492.0
2015-04-23,11451.5498046875
2015-04-24,11132.25
2015-04-27,11097.900390625
2015-04-28,11052.9501953125
2015-04-29,11094.400390625
2015-04-30,11001.0498046875
2015-05-04,11191.4501953125
2015-05-05,11170.25
2015-05-06,10938.849609375
2015-05-07,11127.75
2015-05-08,11172.0498046875
2015-05-11,11324.5498046875
2015-05-12,11118.4501953125
2015-05-13,11170.5
2015-05-14,11093.599609375
2015-05-15,11171.900390625
2015-05-18,11279.4501953125
2015-05-19,11372.2001953125
2015-05-20,11571.7001953125
2015-05-21,11618.599609375
2015-05-22,11728.400390625
2015-05-25,11623.349609375
2015-05-26,11581.900390625
2015-05-27,11367.5
2015-05-28,11450.849609375
2015-05-29,11575.0498046875
2015-06-01,11525.650390625
2015-06-02,11347.900390625
2015-06-03,11361.099609375
2015-06-04,11379.2001953125
2015-06-05,11291.5498046875
2015-06-08,11238.599609375
2015-06-09,11142.9501953125
2015-06-10,11401.7001953125
2015-06-11,11227.150390625
2015-06-12,11049.349609375
2015-06-15,11093.849609375
2015-06-16,11119.2001953125
2015-06-17,11143.5
2015-06-18,11215.349609375
2015-06-19,11243.650390625
2015-06-22,11429.7998046875
2015-06-23,11341.150390625
2015-06-24,11353.75
2015-06-25,11210.400390625
2015-06-26,11362.5498046875
2015-06-29,11133.650390625
2015-06-30,11037.400390625
2015-07-01,11213.599609375
2015-07-02,11187.25
2015-07-03,11198.650390625
2015-07-06,11209.599609375
2015-07-07,11143.849609375
2015-07-08,11021.7998046875
2015-07-09,10828.7001953125
2015-07-10,10798.25
2015-07-13,10998.849609375
2015-07-14,11043.849609375
2015-07-15,11150.25
2015-07-16,11191.599609375
2015-07-17,11269.2001953125
2015-07-20,11266.9501953125
2015-07-21,11655.4501953125
2015-07-22,11643.75
2015-07-23,11558.7001953125
2015-07-24,11464.150390625
2015-07-27,11362.4501953125
2015-07-28,11306.25
2015-07-29,11470.7001953125
2015-07-30,11394.5498046875
2015-07-31,11594.150390625
2015-08-03,11466.400390625
2015-08-04,11415.5498046875
2015-08-05,11618.0
2015-08-06,11616.5
2015-08-07,11597.0498046875
2015-08-10,11573.900390625
2015-08-11,11711.150390625
2015-08-12,12006.7998046875
2015-08-13,11956.099609375
2015-08-14,12048.4501953125
2015-08-17,12001.75
2015-08-18,12159.400390625
2015-08-19,12249.099609375
2015-08-20,11985.25
2015-08-21,12032.2998046875
2015-08-24,11455.150390625
2015-08-25,11376.75
2015-08-26,11284.099609375
2015-08-27,11396.900390625
2015-08-28,11588.25
2015-08-31,11605.7001953125
2015-09-01,11476.4501953125
2015-09-02,11604.7001953125
2015-09-03,11672.849609375
2015-09-04,11413.599609375
2015-09-07,11318.2998046875
2015-09-08,11390.099609375
2015-09-09,11504.900390625
2015-09-10,11396.9501953125
2015-09-11,11432.25
2015-09-14,11520.2998046875
2015-09-15,11536.349609375
2015-09-16,11606.650390625
2015-09-18,11726.7001953125
2015-09-21,11724.0498046875
2015-09-22,11705.5498046875
2015-09-23,11694.0
2015-09-24,11954.099609375
2015-09-28,11841.0498046875
2015-09-29,11863.9501953125
2015-09-30,12032.099609375
2015-10-01,11867.849609375
2015-10-05,12002.099609375
2015-10-06,11889.900390625
2015-10-07,11683.4501953125
2015-10-08,11669.7001953125
2015-10-09,11807.5498046875
2015-10-12,11630.650390625
2015-10-13,11522.599609375
2015-10-14,11362.900390625
2015-10-15,11338.349609375
2015-10-16,11337.7998046875
2015-10-19,11432.150390625
2015-10-20,11529.599609375
2015-10-21,11549.0498046875
2015-10-23,11552.0
2015-10-26,11576.349609375
2015-10-27,11583.5498046875
2015-10-28,11643.2998046875
2015-10-29,11548.150390625
2015-10-30,11486.900390625
2015-11-02,11546.25
2015-11-03,11618.400390625
2015-11-04,11551.599609375
2015-11-05,11414.4501953125
2015-11-06,11485.4501953125
2015-11-09,11412.150390625
2015-11-10,11214.2001953125
2015-11-13,11102.4501953125
2015-11-16,11003.7998046875
2015-11-17,11035.099609375
2015-11-18,10836.7001953125
2015-11-19,11032.900390625
2015-11-20,11118.849609375
2015-11-23,11121.2001953125
2015-11-24,11057.349609375
2015-11-26,11042.9501953125
2015-11-27,11122.900390625
2015-11-30,11206.0
2015-12-01,11256.2998046875
2015-12-02,11149.599609375
2015-12-03,11081.900390625
2015-12-04,10969.0498046875
2015-12-07,10998.650390625
2015-12-08,10981.849609375
2015-12-09,10930.0498046875
2015-12-10,11055.5
2015-12-11,11043.0498046875
2015-12-14,11099.7001953125
2015-12-15,11058.25
2015-12-16,11144.900390625
2015-12-17,11275.150390625
2015-12-18,11122.5
2015-12-21,11224.75
2015-12-22,11095.4501953125
2015-12-23,11195.650390625
2015-12-24,11184.900390625
2015-12-28,11271.7998046875
2015-12-29,11253.4501953125
2015-12-30,11117.599609375
2015-12-31,11212.5498046875
2016-01-01,11174.849609375
2016-01-04,11029.25
2016-01-05,10997.150390625
2016-01-06,11018.150390625
2016-01-07,10863.2001953125
2016-01-08,10989.5498046875
2016-01-11,10823.900390625
2016-01-12,10790.349609375
2016-01-13,10839.849609375
2016-01-14,10980.4501953125
2016-01-15,10994.9501953125
2016-01-18,10984.0
2016-01-19,10963.099609375
2016-01-20,10910.5
2016-01-21,10934.7001953125
2016-01-22,11006.7001953125
2016-01-25,11025.349609375
2016-01-27,11029.099609375
2016-01-28,11002.7001953125
2016-01-29,11236.150390625
2016-02-01,11305.25
2016-02-02,11242.099609375
2016-02-03,11122.25
2016-02-04,11213.650390625
2016-02-05,11227.5498046875
2016-02-08,11001.4501953125
2016-02-09,10614.25
2016-02-10,10600.4501953125
2016-02-11,10312.9501953125
2016-02-12,10324.4501953125
2016-02-15,10493.75
2016-02-16,10418.650390625
2016-02-17,10502.4501953125
2016-02-18,10702.25
2016-02-19,10768.900390625
2016-02-22,10720.599609375
2016-02-23,10601.4501953125
2016-02-24,10468.0498046875
2016-02-25,10403.5
2016-02-26,10463.349609375
2016-02-29,10278.400390625
2016-03-01,10637.349609375
2016-03-02,10897.099609375
2016-03-03,11054.9501953125
2016-03-04,10980.849609375
2016-03-08,10914.2001953125
2016-03-09,10925.7998046875
2016-03-10,10826.900390625
2016-03-11,10835.4501953125
2016-03-14,10866.849609375
2016-03-15,10730.4501953125
2016-03-16,10803.2001953125
2016-03-17,10923.5
2016-03-18,11159.7001953125
2016-03-21,11193.849609375
2016-03-22,11206.599609375
2016-03-23,11228.150390625
2016-03-28,11168.7001953125
2016-03-29,11114.7001953125
2016-03-30,11254.5498046875
2016-03-31,11309.2998046875
2016-04-01,11194.650390625
2016-04-04,11387.7001953125
2016-04-05,11274.9501953125
2016-04-06,11224.9501953125
2016-04-07,11102.599609375
2016-04-08,11061.150390625
2016-04-11,11291.349609375
2016-04-12,11304.4501953125
2016-04-13,11351.849609375
2016-04-18,11597.25
2016-04-20,11552.75
2016-04-21,11355.400390625
2016-04-22,11304.0498046875
2016-04-25,11315.4501953125
2016-04-26,11417.349609375
2016-04-27,11453.0
2016-04-28,11287.150390625
2016-04-29,11196.25
2016-05-02,11117.7001953125
2016-05-03,10925.7001953125
2016-05-04,10948.599609375
2016-05-05,10973.849609375
2016-05-06,10887.0
2016-05-09,10991.5
2016-05-10,11034.400390625
2016-05-11,10960.400390625
2016-05-12,11081.099609375
2016-05-13,11030.7001953125
2016-05-16,11087.75
2016-05-17,11125.099609375
2016-05-18,11120.0498046875
2016-05-19,11094.599609375
2016-05-20,11036.150390625
2016-05-23,10939.900390625
2016-05-24,10924.7998046875
2016-05-25,11215.5
2016-05-26,11337.150390625
2016-05-27,11420.849609375
2016-05-30,11547.5
2016-05-31,11395.849609375
2016-06-01,11494.900390625
2016-06-02,11458.2001953125
2016-06-03,11462.0
2016-06-06,11395.7998046875
2016-06-07,11413.349609375
2016-06-08,11404.5
2016-06-09,11264.849609375
2016-06-10,11229.0498046875
2016-06-13,11191.5498046875
2016-06-14,11169.4501953125
2016-06-15,11282.0498046875
2016-06-16,11244.25
2016-06-17,11290.7998046875
2016-06-20,11506.599609375
2016-06-21,11488.4501953125
2016-06-22,11490.7998046875
2016-06-23,11487.0498046875
2016-06-24,11203.150390625
2016-06-27,11008.0498046875
2016-06-28,10884.650390625
2016-06-29,11057.400390625
2016-06-30,11120.150390625
2016-07-01,11098.400390625
2016-07-04,11184.849609375
2016-07-05,11141.0
2016-07-07,10942.0
2016-07-08,10946.7001953125
2016-07-11,11045.9501953125
2016-07-12,11056.7998046875
2016-07-13,11128.2001953125
2016-07-14,11157.849609375
2016-07-15,10716.4501953125
2016-07-18,10735.099609375
2016-07-19,10766.2998046875
2016-07-20,10764.7001953125
2016-07-21,10772.25
2016-07-22,10756.0
2016-07-25,10870.900390625
2016-07-26,10877.650390625
2016-07-27,10928.4501953125
2016-07-28,10935.650390625
2016-07-29,10913.2998046875
2016-08-01,11139.0498046875
2016-08-02,11179.0
2016-08-03,11181.400390625
2016-08-04,11148.4501953125
2016-08-05,11137.0498046875
2016-08-08,11197.2001953125
2016-08-09,11198.0
2016-08-10,11175.900390625
2016-08-11,11222.2001953125
2016-08-12,11173.400390625
2016-08-16,10993.5498046875
2016-08-17,10808.75
2016-08-18,10783.5
2016-08-19,10727.599609375
2016-08-22,10593.2001953125
2016-08-23,10767.099609375
2016-08-24,10786.349609375
2016-08-25,10665.650390625
2016-08-26,10523.0498046875
2016-08-29,10385.349609375
2016-08-30,10572.2998046875
2016-08-31,10546.099609375
2016-09-01,10533.25
2016-09-02,10528.349609375
2016-09-06,10545.2998046875
2016-09-07,10499.900390625
2016-09-08,10240.5
2016-09-09,10291.900390625
2016-09-12,10374.9501953125
2016-09-14,10302.849609375
2016-09-15,10289.5
2016-09-16,10399.25
2016-09-19,10463.400390625
2016-09-20,10426.7001953125
2016-09-21,10456.5
2016-09-22,10397.150390625
2016-09-23,10391.0498046875
2016-09-26,10330.0
2016-09-27,10397.0
2016-09-28,10360.5
2016-09-29,10257.7998046875
2016-09-30,10292.2998046875
2016-10-03,10309.849609375
2016-10-04,10394.2998046875
2016-10-05,10333.400390625
2016-10-06,10242.5
2016-10-07,10184.25
2016-10-10,10270.9501953125
2016-10-13,10243.75
2016-10-14,10228.650390625
2016-10-17,10158.75
2016-10-18,10377.150390625
2016-10-19,10411.099609375
2016-10-20,10372.9501953125
2016-10-21,10477.099609375
2016-10-24,10327.7001953125
2016-10-25,10261.400390625
2016-10-26,10157.349609375
2016-10-27,10052.900390625
2016-10-28,10048.400390625
2016-11-01,9990.599609375
2016-11-02,9871.25
2016-11-03,9809.75
2016-11-04,9924.0498046875
2016-11-07,9970.0
2016-11-08,10008.400390625
2016-11-09,9683.25
2016-11-10,9654.75
2016-11-11,9434.599609375
2016-11-15,9487.0
2016-11-16,9641.0
2016-11-17,9496.2001953125
2016-11-18,9476.4501953125
2016-11-21,9453.75
2016-11-22,9509.4501953125
2016-11-23,9549.849609375
2016-11-24,9656.25
2016-11-25,10114.900390625
2016-11-28,10106.2001953125
2016-11-29,10059.599609375
2016-11-30,10087.7001953125
2016-12-01,10049.75
2016-12-02,9922.7998046875
2016-12-05,9836.0
2016-12-06,9834.9501953125
2016-12-07,9777.900390625
2016-12-08,9935.900390625
2016-12-09,9997.5
2016-12-12,9953.900390625
2016-12-13,10058.650390625
2016-12-14,10128.9501953125
2016-12-15,10195.75
2016-12-16,10222.9501953125
2016-12-19,10223.650390625
2016-12-20,10322.849609375
2016-12-21,10228.25
2016-12-22,10163.0
2016-12-23,10071.0498046875
2016-12-26,10023.2998046875
2016-12-27,10170.7001953125
2016-12-28,10198.599609375
2016-12-29,10291.849609375
2016-12-30,10399.25
2017-01-02,10367.0498046875
2017-01-03,10362.25
2017-01-04,10496.900390625
2017-01-05,10400.0498046875
2017-01-06,10110.4501953125
2017-01-09,10198.4501953125
2017-01-10,10221.5
2017-01-11,10220.5498046875
2017-01-12,10398.7998046875
2017-01-13,10263.5498046875
2017-01-16,10173.099609375
2017-01-17,10206.7998046875
2017-01-18,10231.599609375
2017-01-19,10222.150390625
2017-01-20,10132.650390625
2017-01-23,10219.400390625
2017-01-24,10201.599609375
2017-01-25,10164.4501953125
2017-01-27,10181.849609375
2017-01-30,10170.650390625
2017-01-31,9848.5
2017-02-01,9750.0
2017-02-02,9926.0
2017-02-03,10025.7998046875
2017-02-06,10029.0498046875
2017-02-07,9997.9501953125
2017-02-08,10007.0498046875
2017-02-09,10167.900390625
2017-02-10,10387.849609375
2017-02-13,10452.900390625
2017-02-14,10474.099609375
2017-02-15,10427.650390625
2017-02-16,10628.0498046875
2017-02-17,10527.2001953125
2017-02-20,10671.25
2017-02-21,10680.75
2017-02-22,10514.7998046875
2017-02-23,10689.650390625
2017-02-27,10706.7001953125
2017-02-28,10680.9501953125
2017-03-01,10748.0498046875
2017-03-02,10741.599609375
2017-03-03,10806.25
2017-03-06,10779.0498046875
2017-03-07,10799.099609375
2017-03-08,10739.4501953125
2017-03-09,10724.75
2017-03-10,10749.849609375
2017-03-14,10879.25
2017-03-15,10696.5498046875
2017-03-16,10822.099609375
2017-03-17,10900.75
2017-03-20,10776.75
2017-03-21,10787.2001953125
2017-03-22,10783.2998046875
2017-03-23,10850.7998046875
2017-03-24,10768.9501953125
2017-03-27,10648.5
2017-03-28,10681.0498046875
2017-03-29,10741.25
2017-03-30,10730.75
2017-03-31,10703.25
2017-04-03,10592.0
2017-04-05,10510.2998046875
2017-04-06,10538.150390625
2017-04-07,10485.75
2017-04-10,10338.150390625
2017-04-11,10398.849609375
2017-04-12,10323.4501953125
2017-04-13,10064.2001953125
2017-04-17,10000.900390625
2017-04-18,9981.5498046875
2017-04-19,9944.7998046875
2017-04-20,10039.0498046875
2017-04-21,10008.150390625
2017-04-24,10058.349609375
2017-04-25,10091.25
2017-04-26,9966.75
2017-04-27,10012.349609375
2017-04-28,9943.7001953125
2017-05-02,10006.349609375
2017-05-03,10131.0498046875
2017-05-04,10106.5
2017-05-05,10086.349609375
2017-05-08,10209.150390625
2017-05-09,10279.599609375
2017-05-10,10219.5498046875
2017-05-11,10256.099609375
2017-05-12,10367.2998046875
2017-05-15,10339.75
2017-05-16,10461.2998046875
2017-05-17,10437.2998046875
2017-05-18,10545.599609375
2017-05-19,10456.349609375
2017-05-22,10504.849609375
2017-05-23,10510.2001953125
2017-05-24,10509.2001953125
2017-05-25,10738.349609375
2017-05-26,10735.400390625
2017-05-29,10568.349609375
2017-05-30,10609.0
2017-05-31,10549.099609375
2017-06-01,10574.7001953125
2017-06-02,10608.9501953125
2017-06-05,10660.099609375
2017-06-06,10907.25
2017-06-07,10701.25
2017-06-08,10550.0
2017-06-09,10442.650390625
2017-06-12,10470.75
2017-06-13,10339.0
2017-06-14,10366.099609375
2017-06-15,10278.0498046875
2017-06-16,10189.5
2017-06-19,10197.900390625
2017-06-20,10289.9501953125
2017-06-21,10223.400390625
2017-06-22,10199.5498046875
2017-06-23,10170.599609375
2017-06-27,10068.849609375
2017-06-28,10133.5498046875
2017-06-29,10124.400390625
2017-06-30,10155.0498046875
2017-07-03,10189.849609375
2017-07-04,10213.400390625
2017-07-05,10160.650390625
2017-07-06,10148.900390625
2017-07-07,10087.7998046875
2017-07-10,10360.099609375
2017-07-11,10430.0
2017-07-12,10401.5
2017-07-13,10440.5498046875
2017-07-14,10330.650390625
2017-07-17,10445.849609375
2017-07-18,10493.2001953125
2017-07-19,10583.7998046875
2017-07-20,10491.150390625
2017-07-21,10711.5498046875
2017-07-24,10823.5498046875
2017-07-25,10810.349609375
2017-07-26,10782.9501953125
2017-07-27,10612.2998046875
2017-07-28,10699.4501953125
2017-07-31,10755.75
2017-08-01,10801.849609375
2017-08-02,10727.349609375
2017-08-03,10682.5
2017-08-04,10757.9501953125
2017-08-07,10678.7998046875
2017-08-08,10623.7001953125
2017-08-09,10613.5498046875
2017-08-10,10662.349609375
2017-08-11,10647.0498046875
2017-08-14,10587.2998046875
2017-08-16,10659.7001953125
2017-08-17,10797.7998046875
2017-08-18,10570.0
2017-08-21,10440.0498046875
2017-08-22,10446.25
2017-08-23,10478.25
2017-08-24,10503.900390625
2017-08-28,10592.2998046875
2017-08-29,10506.0
2017-08-30,10493.25
2017-08-31,10558.25
2017-09-01,10514.400390625
2017-09-04,10441.75
2017-09-05,10498.0
2017-09-06,10421.650390625
2017-09-07,10460.9501953125
2017-09-08,10456.650390625
2017-09-11,10459.5
2017-09-12,10501.099609375
2017-09-13,10505.2998046875
2017-09-14,10496.0498046875
2017-09-15,10599.75
2017-09-18,10649.5
2017-09-19,10654.849609375
2017-09-20,10651.349609375
2017-09-21,10653.849609375
2017-09-22,10632.099609375
2017-09-25,10569.150390625
2017-09-26,10548.5
2017-09-27,10544.2001953125
2017-09-28,10521.900390625
2017-09-29,10475.349609375
2017-10-03,10546.099609375
2017-10-04,10539.849609375
2017-10-05,10524.650390625
2017-10-06,10655.349609375
2017-10-09,10680.2001953125
2017-10-10,10726.2001953125
2017-10-11,10785.25
2017-10-12,10881.2998046875
2017-10-13,10924.2001953125
2017-10-16,10961.599609375
2017-10-17,10942.7001953125
2017-10-18,10910.150390625
2017-10-19,10890.7998046875
2017-10-23,10997.849609375
2017-10-24,10884.7998046875
2017-10-25,10925.4501953125
2017-10-26,10883.0498046875
2017-10-27,10862.0498046875
2017-10-30,10854.2998046875
2017-10-31,10837.900390625
2017-11-01,10817.2998046875
2017-11-02,10845.849609375
2017-11-03,10839.0498046875
2017-11-06,10929.900390625
2017-11-07,11172.099609375
2017-11-08,11245.900390625
2017-11-09,11248.4501953125
2017-11-10,11222.5498046875
2017-11-13,11236.2001953125
2017-11-14,11168.75
2017-11-15,11122.900390625
2017-11-16,11317.25
2017-11-17,11150.0
2017-11-20,11100.099609375
2017-11-21,11119.4501953125
2017-11-22,11117.5
2017-11-23,11230.599609375
2017-11-24,11306.400390625
2017-11-27,11314.25
2017-11-28,11270.599609375
2017-11-29,11232.9501953125
2017-11-30,11115.349609375
2017-12-01,10948.5
2017-12-04,11081.650390625
2017-12-05,11025.400390625
2017-12-06,11074.900390625
2017-12-07,11163.5
2017-12-08,11173.400390625
2017-12-11,11324.0
2017-12-12,11272.4501953125
2017-12-13,11251.7001953125
2017-12-14,11275.400390625
2017-12-15,11288.2998046875
2017-12-18,11315.2001953125
2017-12-19,11240.650390625
2017-12-20,11304.2001953125
2017-12-21,11374.2998046875
2017-12-22,11501.900390625
2017-12-26,11507.400390625
2017-12-27,11509.25
2017-12-28,11496.400390625
2017-12-29,11665.75
2018-01-01,11565.75
2018-01-02,11602.349609375
2018-01-03,11586.7001953125
2018-01-04,11590.7998046875
2018-01-05,11633.5498046875
2018-01-08,11776.849609375
2018-01-09,11790.849609375
2018-01-10,12054.7001953125
2018-01-11,12103.099609375
2018-01-12,12099.2001953125
2018-01-15,11992.7998046875
2018-01-16,12430.9501953125
2018-01-17,12531.400390625
2018-01-18,12570.7001953125
2018-01-19,12633.849609375
2018-01-22,12894.9501953125
2018-01-23,13048.900390625
2018-01-24,13249.5498046875
2018-01-25,13117.849609375
2018-01-29,13242.5
2018-01-30,13107.9501953125
2018-01-31,12986.400390625
2018-02-01,12964.599609375
2018-02-02,12983.599609375
2018-02-05,12936.900390625
2018-02-06,12562.349609375
2018-02-07,12450.0498046875
2018-02-08,12588.349609375
2018-02-09,12492.7001953125
2018-02-12,12422.650390625
2018-02-14,12420.0
2018-02-15,12456.5
2018-02-16,12437.9501953125
2018-02-19,12331.400390625
2018-02-20,12372.0
2018-02-21,12660.0498046875
2018-02-22,12730.25
2018-02-23,12871.150390625
2018-02-26,12713.150390625
2018-02-27,12746.7998046875
2018-02-28,12809.0
2018-03-01,12769.4501953125
2018-03-05,12857.650390625
2018-03-06,12706.099609375
2018-03-07,12677.150390625
2018-03-08,12682.400390625
2018-03-09,12747.25
2018-03-12,12923.400390625
2018-03-13,12734.2001953125
2018-03-14,12786.9501953125
2018-03-15,12762.2998046875
2018-03-16,12698.400390625
2018-03-19,12421.2998046875
2018-03-20,12609.099609375
2018-03-21,12608.849609375
2018-03-22,12489.599609375
2018-03-23,12541.099609375
2018-03-26,12462.400390625
2018-03-27,12518.2001953125
2018-03-28,12511.5498046875
2018-04-02,12707.099609375
2018-04-03,12615.4501953125
2018-04-04,12490.849609375
2018-04-05,12682.5498046875
2018-04-06,12603.349609375
2018-04-09,12531.2001953125
2018-04-10,12576.5498046875
2018-04-11,12759.099609375
2018-04-12,13168.2001953125
2018-04-13,13260.4501953125
2018-04-16,13203.099609375
2018-04-17,13162.2998046875
2018-04-18,13124.0
2018-04-19,13273.4501953125
2018-04-20,13910.349609375
2018-04-23,14013.9501953125
2018-04-24,13734.7998046875
2018-04-25,13892.400390625
2018-04-26,14026.650390625
2018-04-27,13794.900390625
2018-04-30,13986.25
2018-05-02,13754.2998046875
2018-05-03,13473.9501953125
2018-05-04,13453.2998046875
2018-05-07,13424.900390625
2018-05-08,13379.650390625
2018-05-09,13453.400390625
2018-05-10,13427.2998046875
2018-05-11,13478.599609375
2018-05-14,13446.150390625
2018-05-15,13504.9501953125
2018-05-16,13525.599609375
2018-05-17,13504.75
2018-05-18,13459.150390625
2018-05-21,13483.849609375
2018-05-22,13484.5498046875
2018-05-23,13464.349609375
2018-05-24,13775.7001953125
2018-05-25,13762.349609375
2018-05-28,13497.7001953125
2018-05-29,13561.0498046875
2018-05-30,13557.7001953125
2018-05-31,13666.0
2018-06-01,13558.5498046875
2018-06-04,13595.099609375
2018-06-05,13408.900390625
2018-06-06,13528.7998046875
2018-06-07,13683.75
2018-06-08,13769.7998046875
2018-06-11,13775.099609375
2018-06-12,13859.849609375
2018-06-13,14034.150390625
2018-06-14,13825.400390625
2018-06-15,14121.5
2018-06-18,14024.2001953125
2018-06-19,13849.4501953125
2018-06-20,13810.900390625
2018-06-21,13771.7001953125
2018-06-22,13777.099609375
2018-06-25,13865.2001953125
2018-06-26,13943.5
2018-06-27,14018.400390625
2018-06-28,13873.7998046875
2018-06-29,13989.5
2018-07-02,14072.2998046875
2018-07-03,14222.5498046875
2018-07-04,14126.150390625
2018-07-05,13970.5
2018-07-06,14015.9501953125
2018-07-09,14108.849609375
2018-07-10,14222.75
2018-07-11,14536.4501953125
2018-07-12,14515.650390625
2018-07-13,14534.900390625
2018-07-16,14617.0498046875
2018-07-17,14618.25
2018-07-18,14631.7001953125
2018-07-19,14489.849609375
2018-07-20,14701.400390625
2018-07-23,14683.2001953125
2018-07-24,14663.900390625
2018-07-25,14575.349609375
2018-07-26,14468.099609375
2018-07-27,14517.900390625
2018-07-30,14420.5498046875
2018-07-31,14587.7998046875
2018-08-01,14679.349609375
2018-08-02,14552.599609375
2018-08-03,14649.099609375
2018-08-06,14605.5498046875
2018-08-07,14613.75
2018-08-08,14608.2001953125
2018-08-09,14603.349609375
2018-08-10,14679.2998046875
2018-08-13,14880.25
2018-08-14,15009.25
2018-08-16,15044.349609375
2018-08-17,15126.400390625
2018-08-20,14996.099609375
2018-08-21,15134.650390625
2018-08-23,15321.9501953125
2018-08-24,15260.0498046875
2018-08-27,15514.9501953125
2018-08-28,15583.0498046875
2018-08-29,15524.9501953125
2018-08-30,15529.849609375
2018-08-31,15811.400390625
2018-09-03,15724.7001953125
2018-09-04,16048.7001953125
2018-09-05,16039.900390625
2018-09-06,16081.650390625
2018-09-07,16104.7998046875
2018-09-10,16105.2998046875
2018-09-11,15993.2001953125
2018-09-12,16054.0498046875
2018-09-14,16072.5
2018-09-17,16119.7998046875
2018-09-18,16031.0
2018-09-19,16063.9501953125
2018-09-21,15833.5
2018-09-24,16175.2998046875
2018-09-25,16234.900390625
2018-09-26,15932.4501953125
2018-09-27,16018.0
2018-09-28,15838.0498046875
2018-10-01,16213.599609375
2018-10-03,15909.7998046875
2018-10-04,15441.099609375
2018-10-05,15591.650390625
2018-10-08,15305.2001953125
2018-10-09,15369.7998046875
2018-10-10,15143.2001953125
2018-10-11,14683.0
2018-10-12,14539.2001953125
2018-10-15,14797.2001953125
2018-10-16,14887.349609375
2018-10-17,14949.599609375
2018-10-19,14476.849609375
2018-10-22,14421.4501953125
2018-10-23,14014.7001953125
2018-10-24,14049.150390625
2018-10-25,14070.7998046875
2018-10-26,13798.599609375
2018-10-29,14132.650390625
2018-10-30,14355.849609375
2018-10-31,14940.099609375
2018-11-01,14622.0
2018-11-02,14396.7001953125
2018-11-05,14471.75
2018-11-06,14577.2998046875
2018-11-07,14683.099609375
2018-11-09,14553.25
2018-11-12,14650.5
2018-11-13,14698.2001953125
2018-11-14,14338.5
2018-11-15,14354.150390625
2018-11-16,14473.150390625
2018-11-19,14599.7998046875
2018-11-20,14285.099609375
2018-11-21,13879.150390625
2018-11-22,13835.7001953125
2018-11-26,14025.400390625
2018-11-27,14225.349609375
2018-11-28,14632.900390625
2018-11-29,14465.2998046875
2018-11-30,14638.0498046875
2018-12-03,14740.400390625
2018-12-04,14999.900390625
2018-12-05,15012.9501953125
2018-12-06,14693.75
2018-12-07,14662.900390625
2018-12-10,14419.2001953125
2018-12-11,14579.599609375
2018-12-12,14738.5498046875
2018-12-13,14841.0
2018-12-14,14851.400390625
2018-12-17,14873.0498046875
2018-12-18,14730.900390625
2018-12-19,14591.7998046875
2018-12-20,14542.150390625
2018-12-21,14207.849609375
2018-12-24,14247.75
2018-12-26,14158.900390625
2018-12-27,14354.5
2018-12-28,14385.7998046875
2018-12-31,14440.2998046875
2019-01-01,14450.900390625
2019-01-02,14447.099609375
2019-01-03,14322.150390625
2019-01-04,14146.150390625
2019-01-07,14291.5
2019-01-08,14285.7001953125
2019-01-09,14326.099609375
2019-01-10,14323.25
2019-01-11,14307.099609375
2019-01-14,14223.599609375
2019-01-15,14658.5
2019-01-16,14707.7998046875
2019-01-17,14800.25
2019-01-18,14893.0
2019-01-21,14966.400390625
2019-01-22,14962.599609375
2019-01-23,14888.75
2019-01-24,14971.900390625
2019-01-25,15039.2998046875
2019-01-28,15120.150390625
2019-01-29,15231.2998046875
2019-01-30,15255.2001953125
2019-01-31,15499.2998046875
2019-02-01,15724.2998046875
2019-02-04,15754.7998046875
2019-02-05,15738.7001953125
2019-02-06,16055.599609375
2019-02-07,16085.849609375
2019-02-08,16019.7998046875
2019-02-11,16099.0498046875
2019-02-12,15938.650390625
2019-02-14,15861.650390625
2019-02-15,15815.599609375
2019-02-18,15659.0
2019-02-19,15333.5
2019-02-20,15609.4501953125
2019-02-21,15588.900390625
2019-02-22,15684.7001953125
2019-02-25,16003.7001953125
2019-02-26,15989.599609375
2019-02-27,15902.099609375
2019-02-28,15732.0
2019-03-01,15848.2998046875
2019-03-05,15664.099609375
2019-03-06,15735.0498046875
2019-03-07,15582.099609375
2019-03-08,15408.7001953125
2019-03-11,15388.5
2019-03-12,15384.5498046875
2019-03-13,15342.900390625
2019-03-14,15260.4501953125
2019-03-15,15546.599609375
2019-03-18,15359.4501953125
2019-03-19,15495.5498046875
2019-03-20,15599.25
2019-03-22,15551.099609375
2019-03-25,15416.849609375
2019-03-26,15356.599609375
2019-03-27,15339.400390625
2019-03-28,15566.75
2019-04-01,15840.650390625
2019-04-02,15988.400390625
2019-04-03,15962.9501953125
2019-04-04,15744.7998046875
2019-04-05,15923.0498046875
2019-04-08,16028.25
2019-04-09,16121.599609375
2019-04-10,15999.150390625
2019-04-11,15874.75
2019-04-12,15911.099609375
2019-04-15,16113.7001953125
2019-04-16,16084.900390625
2019-04-18,16079.2998046875
2019-04-22,16150.599609375
2019-04-23,16166.2998046875
2019-04-24,16370.349609375
2019-04-25,16352.7998046875
2019-04-26,16504.44921875
2019-04-30,16705.400390625
2019-05-02,16403.69921875
2019-05-03,16092.9501953125
2019-05-06,16111.349609375
2019-05-07,16135.75
2019-05-08,16061.599609375
2019-05-09,16132.849609375
2019-05-10,15949.599609375
2019-05-13,15955.2998046875
2019-05-14,15762.75
2019-05-15,15776.7998046875
2019-05-16,15934.0
2019-05-17,15843.400390625
2019-05-20,15968.2001953125
2019-05-21,15766.9501953125
2019-05-22,15666.150390625
2019-05-23,15538.849609375
2019-05-24,15569.849609375
2019-05-27,15556.650390625
2019-05-28,15762.0498046875
2019-05-29,15865.599609375
2019-05-30,15997.349609375
2019-05-31,16160.650390625
2019-06-03,16360.5498046875
2019-06-04,16105.2001953125
2019-06-06,16012.099609375
2019-06-07,16109.849609375
2019-06-10,16362.400390625
2019-06-11,16448.099609375
2019-06-12,16425.94921875
2019-06-13,16316.599609375
2019-06-14,16268.2001953125
2019-06-17,16228.2001953125
2019-06-18,16322.5
2019-06-19,16282.7001953125
2019-06-20,16316.9501953125
2019-06-21,16189.400390625
2019-06-24,16187.400390625
2019-06-25,16214.4501953125
2019-06-26,16101.75
2019-06-27,15991.7998046875
2019-06-28,15936.4501953125
2019-07-01,15916.7001953125
2019-07-02,16074.099609375
2019-07-03,15927.650390625
2019-07-04,15942.400390625
2019-07-05,15550.0498046875
2019-07-08,15376.0
2019-07-09,15254.5
2019-07-10,15168.599609375
2019-07-11,15214.2998046875
2019-07-12,15227.400390625
2019-07-15,15662.0498046875
2019-07-16,15580.4501953125
2019-07-17,15676.0
2019-07-18,15498.5
2019-07-19,15383.650390625
2019-07-22,15448.25
2019-07-23,15493.400390625
2019-07-24,15380.75
2019-07-25,15474.650390625
2019-07-26,15348.0498046875
2019-07-29,15400.849609375
2019-07-30,15501.650390625
2019-07-31,15620.2001953125
2019-08-01,15332.099609375
2019-08-02,15422.099609375
2019-08-05,15518.5498046875
2019-08-06,15514.7998046875
2019-08-07,15583.349609375
2019-08-08,15867.9501953125
2019-08-09,15821.349609375
2019-08-13,15424.400390625
2019-08-14,15466.25
2019-08-16,15365.349609375
2019-08-19,15415.150390625
2019-08-20,15597.75
2019-08-21,15578.150390625
2019-08-22,15632.0
2019-08-23,15816.599609375
2019-08-26,15890.2001953125
2019-08-27,15675.2998046875
2019-08-28,15879.900390625
2019-08-29,15884.5498046875
2019-08-30,16010.400390625
2019-09-03,15984.900390625
2019-09-04,16032.5
2019-09-05,16030.9501953125
2019-09-06,16034.5498046875
2019-09-09,15919.400390625
2019-09-11,15701.7998046875
2019-09-12,15583.25
2019-09-13,15722.900390625
2019-09-16,15743.150390625
2019-09-17,15625.650390625
2019-09-18,15702.2998046875
2019-09-19,15522.4501953125
2019-09-20,15491.099609375
2019-09-23,15040.650390625
2019-09-24,15338.650390625
2019-09-25,15379.900390625
2019-09-26,15312.900390625
2019-09-27,15236.400390625
2019-09-30,15540.150390625
2019-10-01,15300.25
2019-10-03,15277.9501953125
2019-10-04,15340.2998046875
2019-10-07,15246.75
2019-10-09,15128.75
2019-10-10,15093.7998046875
2019-10-11,15321.900390625
2019-10-14,15277.75
2019-10-15,15208.400390625
2019-10-16,15344.9501953125
2019-10-17,15281.900390625
2019-10-18,15410.099609375
2019-10-22,14688.650390625
2019-10-23,14833.349609375
2019-10-24,14781.5
2019-10-25,14898.849609375
2019-10-29,15181.400390625
2019-10-30,15395.650390625
2019-10-31,15559.400390625
2019-11-01,15471.2001953125
2019-11-04,15591.2998046875
2019-11-05,15533.4501953125
2019-11-06,15561.2998046875
2019-11-07,15624.400390625
2019-11-08,15383.2998046875
2019-11-11,15308.5498046875
2019-11-13,15240.9501953125
2019-11-14,15388.75
2019-11-15,15310.650390625
2019-11-18,15295.25
2019-11-19,15304.849609375
2019-11-20,15318.5
2019-11-21,15293.9501953125
2019-11-22,14995.900390625
2019-11-25,15100.599609375
2019-11-26,14922.150390625
2019-11-27,15022.150390625
2019-11-28,15121.7998046875
2019-11-29,14998.0498046875
2019-12-02,14852.0
2019-12-03,14920.75
2019-12-04,15175.150390625
2019-12-05,15367.5
2019-12-06,15289.599609375
2019-12-09,15157.150390625
2019-12-10,14946.5498046875
2019-12-11,15130.2998046875
2019-12-12,14972.650390625
2019-12-13,15200.5498046875
2019-12-16,15348.75
2019-12-17,15637.150390625
2019-12-18,15710.650390625
2019-12-19,15812.9501953125
2019-12-20,15844.5498046875
2019-12-23,15865.5
2019-12-24,15778.2001953125
2019-12-26,15706.4501953125
2019-12-27,15780.7001953125
2019-12-30,15775.0
2019-12-31,15652.400390625
2020-01-01,15722.150390625
2020-01-02,15709.650390625
2020-01-03,15936.599609375
2020-01-06,15879.7998046875
2020-01-07,15895.2001953125
2020-01-08,15953.4501953125
2020-01-09,15925.150390625
2020-01-10,15959.900390625
2020-01-13,16225.900390625
2020-01-14,16362.349609375
2020-01-15,16346.849609375
2020-01-16,16381.650390625
2020-01-17,16356.599609375
2020-01-20,16207.150390625
2020-01-21,16175.2001953125
2020-01-22,16334.5498046875
2020-01-23,16474.400390625
2020-01-24,16472.75
2020-01-27,16393.55078125
2020-01-28,16429.75
2020-01-29,16479.30078125
2020-01-30,16327.900390625
2020-01-31,16144.150390625
2020-02-03,16059.900390625
2020-02-04,16350.849609375
2020-02-05,16448.55078125
2020-02-06,16371.150390625
2020-02-07,16470.150390625
2020-02-10,16431.94921875
2020-02-11,16452.30078125
2020-02-12,16538.099609375
2020-02-13,16673.05078125
2020-02-14,16642.75
2020-02-17,16647.69921875
2020-02-18,16748.75
2020-02-19,16772.5
2020-02-20,16649.400390625
2020-02-24,16461.80078125
2020-02-25,16562.5
2020-02-26,16332.25
2020-02-27,16123.7998046875
2020-02-28,15212.9501953125
2020-03-02,15427.650390625
2020-03-03,15723.2001953125
2020-03-04,15864.2998046875
2020-03-05,15871.349609375
2020-03-06,15663.5
2020-03-09,14854.900390625
2020-03-11,14681.400390625
2020-03-12,13384.849609375
2020-03-13,13539.099609375
2020-03-16,12451.349609375
2020-03-17,12099.25
2020-03-18,11753.0
2020-03-19,11340.0
2020-03-20,12363.4501953125
2020-03-23,11179.599609375
2020-03-24,11865.0498046875
2020-03-25,12233.349609375
2020-03-26,12535.599609375
2020-03-27,12569.099609375
2020-03-30,12318.7998046875
2020-03-31,12763.650390625
2020-04-01,12045.849609375
2020-04-03,11680.0498046875
2020-04-07,12588.9501953125
2020-04-08,12491.5498046875
2020-04-09,12728.5498046875
2020-04-13,12603.099609375
2020-04-15,12702.599609375
2020-04-16,12463.599609375
2020-04-17,12649.25
2020-04-20,12847.650390625
2020-04-21,12408.849609375
2020-04-22,12571.2998046875
2020-04-23,13128.2001953125
2020-04-24,12816.2001953125
2020-04-27,13121.150390625
2020-04-28,13133.650390625
2020-04-29,13424.9501953125
2020-04-30,14108.400390625
2020-05-04,13454.25
2020-05-05,13388.0498046875
2020-05-06,13394.7001953125
2020-05-07,13292.7001953125
2020-05-08,13403.599609375
2020-05-11,13593.5498046875
2020-05-12,13687.75
2020-05-13,13776.9501953125
2020-05-14,13293.75
2020-05-15,13196.349609375
2020-05-18,13314.400390625
2020-05-19,13446.599609375
2020-05-20,13517.400390625
2020-05-21,13647.900390625
2020-05-22,13842.650390625
2020-05-26,13574.9501953125
2020-05-27,13952.900390625
2020-05-28,14028.599609375
2020-05-29,14010.5
2020-06-01,14307.099609375
2020-06-02,14422.400390625
2020-06-03,14361.7001953125
2020-06-04,14627.4501953125
2020-06-05,14627.4501953125
2020-06-08,14894.599609375
2020-06-09,14737.849609375
2020-06-10,14842.0498046875
2020-06-11,14619.4501953125
2020-06-12,14402.75
2020-06-15,14396.7001953125
2020-06-16,14450.7998046875
2020-06-17,14478.4501953125
2020-06-18,14551.25
2020-06-19,14499.7998046875
2020-06-22,14463.7001953125
2020-06-23,14680.400390625
2020-06-24,14581.4501953125
2020-06-25,14411.2001953125
2020-06-26,14994.650390625
2020-06-29,14768.0
2020-06-30,14754.2998046875
2020-07-01,14732.150390625
2020-07-02,15122.5498046875
2020-07-03,15285.900390625
2020-07-06,15464.9501953125
2020-07-07,15784.9501953125
2020-07-08,15513.650390625
2020-07-09,15535.9501953125
2020-07-10,15565.2001953125
2020-07-13,15819.2001953125
2020-07-14,15640.5498046875
2020-07-15,16459.849609375
2020-07-16,16926.05078125
2020-07-17,16821.349609375
2020-07-20,17258.30078125
2020-07-21,17273.19921875
2020-07-22,17076.05078125
2020-07-23,17045.19921875
2020-07-24,17286.0
2020-07-27,17626.75
2020-07-28,18042.75
2020-07-29,17880.5
2020-07-30,18003.55078125
2020-07-31,18071.849609375
2020-08-03,17965.80078125
2020-08-04,17808.0
2020-08-05,17869.80078125
2020-08-06,18188.75
2020-08-07,18004.150390625
2020-08-10,18159.55078125
2020-08-11,18057.099609375
2020-08-12,18066.0
2020-08-13,18107.19921875
2020-08-14,18022.650390625
2020-08-17,18223.599609375
2020-08-18,18270.349609375
2020-08-19,18210.849609375
2020-08-20,18126.099609375
2020-08-21,18065.30078125
2020-08-24,18010.94921875
2020-08-25,17973.69921875
2020-08-26,18128.0
2020-08-27,18102.650390625
2020-08-28,18122.0
2020-08-31,17928.849609375
2020-09-01,17814.05078125
2020-09-02,18077.0
2020-09-03,18348.55078125
2020-09-04,18073.94921875
2020-09-07,18176.80078125
2020-09-08,18395.75
2020-09-09,18261.5
2020-09-10,18395.849609375
2020-09-11,18633.25
2020-09-14,19505.099609375
2020-09-15,19627.30078125
2020-09-16,19770.349609375
2020-09-17,19817.69921875
2020-09-18,19827.099609375
2020-09-21,19729.0
2020-09-22,19866.099609375
2020-09-23,19805.650390625
2020-09-24,18973.05078125
2020-09-25,19629.349609375
2020-09-28,19783.05078125
2020-09-29,19831.80078125
2020-09-30,19951.349609375
2020-10-01,20110.400390625
2020-10-05,20809.0
2020-10-06,20896.75
2020-10-07,21017.400390625
2020-10-08,21697.25
2020-10-09,21837.650390625
2020-10-12,22202.099609375
2020-10-13,22492.599609375
2020-10-14,22204.05078125
2020-10-15,21567.30078125
2020-10-16,21538.150390625
2020-10-19,21391.900390625
2020-10-20,21694.349609375
2020-10-21,21577.650390625
2020-10-22,21413.5
2020-10-23,21523.599609375
2020-10-26,21265.69921875
2020-10-27,21023.400390625
2020-10-28,20810.30078125
2020-10-29,20876.94921875
2020-10-30,20916.849609375
2020-11-02,20732.30078125
2020-11-03,20736.0
2020-11-04,21104.55078125
2020-11-05,21385.650390625
2020-11-06,21492.30078125
2020-11-09,21820.150390625
2020-11-10,20978.5
2020-11-11,21330.5
2020-11-12,21363.349609375
2020-11-13,21436.849609375
2020-11-17,21488.55078125
2020-11-18,21314.849609375
2020-11-19,21114.44921875
2020-11-20,21409.25
2020-11-23,22007.05078125
2020-11-24,22064.30078125
2020-11-25,21705.900390625
2020-11-26,21859.900390625
2020-11-27,21764.900390625
2020-12-01,22170.900390625
2020-12-02,22319.0
2020-12-03,22202.19921875
2020-12-04,22309.80078125
2020-12-07,22440.900390625
2020-12-08,22617.400390625
2020-12-09,22803.44921875
2020-12-10,22755.75
2020-12-11,22664.0
2020-12-14,22746.69921875
2020-12-15,22715.099609375
2020-12-16,22906.25
2020-12-17,22892.25
2020-12-18,23256.599609375
2020-12-21,22844.599609375
2020-12-22,23611.599609375
2020-12-23,24167.75
2020-12-24,24009.25
2020-12-28,24100.30078125
2020-12-29,24274.05078125
2020-12-30,24330.05078125
2020-12-31,24251.349609375
2021-01-01,24456.099609375
2021-01-04,25110.05078125
2021-01-05,25769.150390625
2021-01-06,25419.150390625
2021-01-07,25251.19921875
2021-01-08,26162.400390625
2021-01-11,27027.75
2021-01-12,26982.099609375
2021-01-13,27004.30078125
2021-01-14,26965.55078125
2021-01-15,26362.80078125
2021-01-18,25916.25
2021-01-19,26043.5
2021-01-20,26619.69921875
2021-01-21,26450.150390625
2021-01-22,26489.75
2021-01-25,26023.30078125
2021-01-27,25865.30078125
2021-01-28,25301.25
2021-01-29,24645.75
2021-02-01,24922.69921875
2021-02-02,25447.80078125
2021-02-03,25680.900390625
2021-02-04,25570.05078125
2021-02-05,25331.599609375
2021-02-08,25915.599609375
2021-02-09,25779.150390625
2021-02-10,25885.30078125
2021-02-11,26043.44921875
2021-02-12,26093.80078125
2021-02-15,26001.099609375
2021-02-16,25613.94921875
2021-02-17,25282.94921875
2021-02-18,25618.55078125
2021-02-19,25503.19921875
2021-02-22,24766.44921875
2021-02-23,24807.80078125
2021-02-24,24779.400390625
2021-02-25,24872.44921875
2021-02-26,24301.44921875
2021-03-01,24556.30078125
2021-03-02,25301.849609375
2021-03-03,25772.650390625
2021-03-04,25631.849609375
2021-03-05,25229.599609375
2021-03-08,25347.94921875
2021-03-09,25582.349609375
2021-03-10,26010.099609375
2021-03-12,25888.25
2021-03-15,26032.05078125
2021-03-16,26363.849609375
2021-03-17,26183.5
2021-03-18,25373.349609375
2021-03-19,25562.75
2021-03-22,26035.349609375
2021-03-23,26105.69921875
2021-03-24,25802.94921875
2021-03-25,25237.099609375
2021-03-26,25385.099609375
2021-03-30,26121.099609375
2021-03-31,25855.0
2021-04-01,25980.400390625
2021-04-05,26491.400390625
2021-04-06,26532.19921875
2021-04-07,26831.0
2021-04-08,27148.400390625
2021-04-09,27367.05078125
2021-04-12,26727.80078125
2021-04-13,25851.30078125
2021-04-15,26010.849609375
2021-04-16,26324.900390625
2021-04-19,26236.900390625
2021-04-20,25877.599609375
2021-04-22,25826.69921875
2021-04-23,25609.099609375
2021-04-26,25680.30078125
2021-04-27,25815.75
2021-04-28,25962.099609375
2021-04-29,25874.30078125
2021-04-30,25664.44921875
2021-05-03,25676.05078125
2021-05-04,25489.0
2021-05-05,25786.94921875
2021-05-06,26258.69921875
2021-05-07,26269.44921875
2021-05-10,26273.44921875
2021-05-11,26106.69921875
2021-05-12,25855.44921875
2021-05-14,25588.19921875
2021-05-17,25703.55078125
2021-05-18,25958.25
2021-05-19,25982.80078125
2021-05-20,25894.5
2021-05-21,26105.30078125
2021-05-24,26144.19921875
2021-05-25,26393.900390625
2021-05-26,26857.349609375
2021-05-27,27164.80078125
2021-05-28,27122.80078125
2021-05-31,27115.05078125
2021-06-01,27144.400390625
2021-06-02,26939.650390625
2021-06-03,26987.900390625
2021-06-04,26996.75
2021-06-07,27295.650390625
2021-06-08,27623.80078125
2021-06-09,27539.0
2021-06-10,27798.0
2021-06-11,28217.5
2021-06-14,28314.099609375
2021-06-15,28377.849609375
2021-06-16,28448.849609375
2021-06-17,28611.349609375
2021-06-18,28445.599609375
2021-06-21,28367.0
2021-06-22,28523.55078125
2021-06-23,28258.5
2021-06-24,29048.0
2021-06-25,29210.55078125
2021-06-28,29068.55078125
2021-06-29,28986.25
2021-06-30,29168.0
2021-07-01,29003.099609375
2021-07-02,29007.94921875
2021-07-05,28950.599609375
2021-07-06,28649.400390625
2021-07-07,28734.650390625
2021-07-08,28749.0
2021-07-09,28662.19921875
2021-07-12,28532.349609375
2021-07-13,28439.75
2021-07-14,29339.849609375
2021-07-15,29718.05078125
2021-07-16,29400.25
2021-07-19,29264.0
2021-07-20,29252.5
2021-07-22,29779.94921875
2021-07-23,29894.30078125
2021-07-26,29940.400390625
2021-07-27,29892.55078125
2021-07-28,29954.150390625
2021-07-29,30371.400390625
2021-07-30,30480.05078125
2021-08-02,30803.05078125
2021-08-03,31165.849609375
2021-08-04,30977.150390625
2021-08-05,31211.19921875
2021-08-06,31303.30078125
2021-08-09,31441.0
2021-08-10,31713.400390625
2021-08-11,31670.0
2021-08-12,32245.099609375
2021-08-13,32678.80078125
2021-08-16,32577.94921875
2021-08-17,33414.75
2021-08-18,33448.8984375
2021-08-20,33351.3515625
2021-08-23,33919.80078125
2021-08-24,33838.3984375
2021-08-25,34083.94921875
2021-08-26,34041.1015625
2021-08-27,34309.80078125
2021-08-30,34109.25
2021-08-31,34570.25
2021-09-01,34110.5
2021-09-02,34680.30078125
2021-09-03,34891.19921875
2021-09-06,35415.1015625
2021-09-07,34951.30078125
2021-09-08,34678.19921875
2021-09-09,34802.30078125
2021-09-13,35129.6015625
2021-09-14,35431.5
2021-09-15,36075.19921875
2021-09-16,35852.44921875
2021-09-17,35646.5
2021-09-20,35400.05078125
2021-09-21,36086.05078125
2021-09-22,36422.44921875
2021-09-23,36816.8984375
2021-09-24,37103.25
2021-09-27,36034.3984375
2021-09-28,35239.94921875
2021-09-29,35282.6484375
2021-09-30,35028.0
2021-10-01,34780.6015625
2021-10-04,35126.1484375
2021-10-05,35544.30078125
2021-10-06,35075.80078125
2021-10-07,35703.8515625
2021-10-08,36402.0
2021-10-11,35179.94921875
2021-10-12,34869.75
2021-10-13,35285.6015625
2021-10-14,35744.8515625
2021-10-18,36306.3515625
2021-10-19,37106.3515625
2021-10-20,36846.80078125
2021-10-21,35913.6015625
2021-10-22,35394.6484375
2021-10-25,35005.3984375
2021-10-26,35162.3515625
2021-10-27,35503.8984375
2021-10-28,34913.6015625
2021-10-29,34408.75
2021-11-01,35290.0
2021-11-02,35177.3515625
2021-11-03,35177.1015625
2021-11-04,35334.25
2021-11-08,35782.3515625
2021-11-09,35815.1015625
2021-11-10,35722.94921875
2021-11-11,35583.6484375
2021-11-12,36332.30078125
2021-11-15,36465.30078125
2021-11-16,36643.8984375
2021-11-17,36660.8984375
2021-11-18,36007.0
2021-11-22,35478.94921875
2021-11-23,35504.3984375
2021-11-24,34966.25
2021-11-25,35300.25
2021-11-26,34606.1484375
2021-11-29,34870.75
2021-11-30,35043.75
2021-12-01,35429.0
2021-12-02,36157.8515625
2021-12-03,35848.05078125
2021-12-06,34879.3984375
2021-12-07,35272.30078125
2021-12-08,35959.05078125
2021-12-09,35946.3515625
2021-12-10,35939.6015625
2021-12-13,36050.55078125
2021-12-14,36102.55078125
2021-12-15,35737.19921875
2021-12-16,36160.30078125
2021-12-17,36647.8984375
2021-12-20,35916.44921875
2021-12-21,36627.1484375
2021-12-22,36989.1484375
2021-12-23,37362.8515625
2021-12-24,37727.80078125
2021-12-27,37988.5
2021-12-28,38357.80078125
2021-12-29,38274.6484375
2021-12-30,38658.80078125
2021-12-31,38701.05078125
2022-01-03,39123.80078125
2022-01-04,39370.69921875
2022-01-05,38609.1484375
2022-01-06,38009.0
2022-01-07,38139.8515625
2022-01-10,38212.19921875
2022-01-11,38605.44921875
2022-01-12,38604.75
2022-01-13,38607.0
2022-01-14,38826.8515625
2022-01-17,38804.94921875
2022-01-18,38091.75
2022-01-19,37281.69921875
2022-01-20,36662.19921875
2022-01-21,36054.6015625
2022-01-24,34821.6015625
2022-01-25,34707.44921875
2022-01-27,33475.05078125
2022-01-28,33851.94921875
2022-01-31,34824.55078125
2022-02-01,35371.6484375
2022-02-02,35788.75
2022-02-03,35056.80078125
2022-02-04,35080.1015625
2022-02-07,34621.25
2022-02-08,34521.55078125
2022-02-09,34983.30078125
2022-02-10,35341.8515625
2022-02-11,34379.05078125
2022-02-14,33880.6484375
2022-02-15,34913.30078125
2022-02-16,34801.94921875
2022-02-17,34634.1015625
2022-02-18,34483.1015625
2022-02-21,34472.05078125
2022-02-22,34129.55078125
2022-02-23,34114.30078125
2022-02-24,32547.900390625
2022-02-25,33476.94921875
2022-02-28,33847.8515625
2022-03-02,33720.0
2022-03-03,34130.30078125
2022-03-04,34177.69921875
2022-03-07,34135.8984375
2022-03-08,35055.55078125
2022-03-09,35440.55078125
2022-03-10,35399.1015625
2022-03-11,35348.69921875
2022-03-14,36028.0
2022-03-15,35097.8515625
2022-03-16,35729.6484375
2022-03-17,35643.6015625
2022-03-21,35377.75
2022-03-22,36070.44921875
2022-03-23,36082.0
2022-03-24,36516.75
2022-03-25,36152.30078125
2022-03-28,36026.05078125
2022-03-29,36146.75
2022-03-30,36463.55078125
2022-03-31,36317.19921875
2022-04-01,36343.3984375
2022-04-04,36442.8984375
2022-04-05,36466.55078125
2022-04-06,35871.5
2022-04-07,35423.25
2022-04-08,35394.44921875
2022-04-11,34895.8984375
2022-04-12,34379.5
2022-04-13,34354.80078125
2022-04-18,32780.05078125
2022-04-19,31804.19921875
2022-04-20,32173.400390625
2022-04-21,32611.599609375
2022-04-22,32426.69921875
2022-04-25,31744.0
2022-04-26,31840.05078125
2022-04-27,31594.349609375
2022-04-28,31914.349609375
2022-04-29,31622.400390625
2022-05-02,31138.80078125
2022-05-04,30794.599609375
2022-05-05,31432.44921875
2022-05-06,30719.44921875
2022-05-09,30733.30078125
2022-05-10,30427.19921875
2022-05-11,30050.25
2022-05-12,29756.849609375
2022-05-13,29624.849609375
2022-05-16,29403.5
2022-05-17,30218.75
2022-05-18,30077.69921875
2022-05-19,28352.150390625
2022-05-20,28789.400390625
2022-05-23,29079.30078125
2022-05-24,28531.5
2022-05-25,27566.099609375
2022-05-26,27932.55078125
2022-05-27,28641.599609375
2022-05-30,29753.30078125
2022-05-31,29679.05078125
2022-06-01,29260.75
2022-06-02,29792.400390625
2022-06-03,29903.80078125
2022-06-06,29819.80078125
2022-06-07,29351.69921875
2022-06-08,29472.150390625
2022-06-09,29761.55078125
2022-06-10,29114.30078125
2022-06-13,27914.599609375
2022-06-14,27953.349609375
2022-06-15,27812.44921875
2022-06-16,27136.44921875
2022-06-17,26732.44921875
2022-06-20,26966.19921875
2022-06-21,27810.650390625
2022-06-22,27488.400390625
2022-06-23,28027.80078125
2022-06-24,27777.80078125
2022-06-27,28345.94921875
2022-06-28,28509.099609375
2022-06-29,28140.099609375
2022-06-30,27843.349609375
2022-07-01,28064.25
2022-07-04,27890.650390625
2022-07-05,27695.150390625
2022-07-06,28007.599609375
2022-07-07,28196.349609375
2022-07-08,28250.30078125
2022-07-11,27380.55078125
2022-07-12,27063.75
2022-07-13,26949.75
2022-07-14,26523.30078125
2022-07-15,26484.75
2022-07-18,27322.94921875
2022-07-19,27346.150390625
2022-07-20,28146.349609375
2022-07-21,28342.900390625
2022-07-22,28168.150390625
2022-07-25,28216.0
2022-07-26,27418.849609375
2022-07-27,27878.80078125
2022-07-28,28663.05078125
2022-07-29,29152.30078125
2022-08-01,29220.0
2022-08-02,29024.650390625
2022-08-03,29416.94921875
2022-08-04,29782.900390625
2022-08-05,29973.55078125
2022-08-08,29967.69921875
2022-08-10,29701.150390625
2022-08-11,30233.69921875
2022-08-12,29885.900390625
2022-08-16,29909.0
2022-08-17,30256.900390625
2022-08-18,30018.900390625
2022-08-19,30036.099609375
2022-08-22,29478.900390625
2022-08-23,28957.849609375
2022-08-24,28859.849609375
2022-08-25,28608.650390625
2022-08-26,28691.599609375
2022-08-29,27678.94921875
2022-08-30,28407.900390625
2022-09-01,27846.80078125
2022-09-02,27745.80078125
2022-09-05,27836.599609375
2022-09-06,27742.80078125
2022-09-07,27832.400390625
2022-09-08,28102.400390625
2022-09-09,28724.05078125
2022-09-12,29131.19921875
2022-09-13,29116.849609375
2022-09-14,28137.650390625
2022-09-15,27734.349609375
2022-09-16,26706.44921875
2022-09-19,26810.150390625
2022-09-20,27020.599609375
2022-09-21,26843.25
2022-09-22,26782.650390625
2022-09-23,26592.349609375
2022-09-26,26743.650390625
2022-09-27,27004.150390625
2022-09-28,27067.650390625
2022-09-29,26819.05078125
2022-09-30,26981.150390625
2022-10-03,26729.099609375
2022-10-04,27496.94921875
2022-10-06,27928.75
2022-10-07,27733.599609375
2022-10-10,28027.599609375
2022-10-11,27469.5
2022-10-12,27694.650390625
2022-10-13,27506.19921875
2022-10-14,27954.05078125
2022-10-17,28019.150390625
2022-10-18,28315.19921875
2022-10-19,28060.349609375
2022-10-20,28432.19921875
2022-10-21,28336.94921875
2022-10-24,28534.30078125
2022-10-25,28722.849609375
2022-10-27,28572.19921875
2022-10-28,28318.349609375
2022-10-31,28727.599609375
2022-11-01,29270.650390625
2022-11-02,29138.650390625
2022-11-03,28795.75
2022-11-04,28693.05078125
2022-11-07,28741.30078125
2022-11-09,28626.80078125
2022-11-10,28505.75
2022-11-11,29591.94921875
2022-11-14,29849.30078125
2022-11-15,29865.30078125
2022-11-16,29951.5
2022-11-17,29681.400390625
2022-11-18,29669.25
2022-11-21,29209.55078125
2022-11-22,29446.900390625
2022-11-23,29405.650390625
2022-11-24,30178.650390625
2022-11-25,30334.599609375
2022-11-28,30309.650390625
2022-11-29,30345.650390625
2022-11-30,30391.69921875
2022-12-01,31120.5
2022-12-02,31052.099609375
2022-12-05,30891.5
2022-12-06,30443.0
2022-12-07,30187.05078125
2022-12-08,30115.0
2022-12-09,29168.44921875
2022-12-12,29050.5
2022-12-13,29376.55078125
2022-12-14,29713.900390625
2022-12-15,29087.94921875
2022-12-16,28702.19921875
2022-12-19,28556.44921875
2022-12-20,28612.5
2022-12-21,28764.25
2022-12-22,28763.900390625
2022-12-23,28237.05078125
2022-12-26,28385.69921875
2022-12-27,28636.25
2022-12-28,28583.44921875
2022-12-29,28687.19921875
2022-12-30,28621.69921875
2023-01-02,28737.30078125
2023-01-03,28962.30078125
2023-01-04,28677.80078125
2023-01-05,28527.75
2023-01-06,27956.44921875
2023-01-09,28748.150390625
2023-01-10,28502.69921875
2023-01-11,28596.349609375
2023-01-12,28720.30078125
2023-01-13,28933.75
2023-01-16,29264.650390625
2023-01-17,29498.0
2023-01-18,29617.80078125
2023-01-19,29632.349609375
2023-01-20,29529.650390625
2023-01-23,30086.0
2023-01-24,30316.900390625
2023-01-25,30043.900390625
2023-01-27,29766.44921875
2023-01-30,30094.849609375
2023-01-31,29740.349609375
2023-02-01,30018.25
2023-02-02,30566.75
2023-02-03,30597.650390625
2023-02-06,30411.099609375
2023-02-07,30310.69921875
2023-02-08,30774.05078125
2023-02-09,30990.849609375
2023-02-10,30870.19921875
2023-02-13,30289.650390625
2023-02-14,30588.75
2023-02-15,30934.349609375
2023-02-16,31434.849609375
2023-02-17,31054.849609375
2023-02-20,31222.349609375
2023-02-21,30947.25
2023-02-22,30608.19921875
2023-02-23,30598.400390625
2023-02-24,30514.900390625
2023-02-27,29919.19921875
2023-02-28,29663.94921875
2023-03-01,30097.75
2023-03-02,29717.44921875
2023-03-03,29817.05078125
2023-03-06,30179.75
2023-03-08,30065.75
2023-03-09,29742.349609375
2023-03-10,29545.5
2023-03-13,29267.0
2023-03-14,28784.69921875
2023-03-15,28716.5
2023-03-16,28517.25
2023-03-17,28854.44921875
2023-03-20,28442.94921875
2023-03-21,28164.849609375
2023-03-22,28217.599609375
2023-03-23,27999.25
2023-03-24,27935.650390625
2023-03-27,27948.75
2023-03-28,27702.80078125
2023-03-29,28011.30078125
2023-03-31,28698.599609375
2023-04-03,28633.0
2023-04-05,28977.19921875
2023-04-06,28764.55078125
2023-04-10,29041.599609375
2023-04-11,28675.75
2023-04-12,28980.349609375
2023-04-13,28342.80078125
2023-04-17,27008.19921875
2023-04-18,27166.94921875
2023-04-19,26687.44921875
2023-04-20,26637.150390625
2023-04-21,26822.099609375
2023-04-24,27013.650390625
2023-04-25,26985.80078125
2023-04-26,27065.0
2023-04-27,27355.25
2023-04-28,27708.19921875
2023-05-02,28025.0
2023-05-03,27743.75
2023-05-04,27883.19921875
2023-05-05,27719.94921875
2023-05-08,27920.94921875
2023-05-09,28125.5
2023-05-10,28091.75
2023-05-11,28102.0
2023-05-12,28028.400390625
2023-05-15,28165.400390625
2023-05-16,28216.0
2023-05-17,27942.94921875
2023-05-18,27892.55078125
2023-05-19,28303.650390625
2023-05-22,29007.30078125
2023-05-23,28873.69921875
2023-05-24,28890.80078125
2023-05-25,28928.75
2023-05-26,29355.900390625
2023-05-29,29240.19921875
2023-05-30,29297.650390625
2023-05-31,29319.75
2023-06-01,29446.25
2023-06-02,29328.150390625
2023-06-05,29238.75
2023-06-06,28689.05078125
2023-06-07,28913.69921875
2023-06-08,28591.099609375
2023-06-09,28355.349609375
2023-06-12,28784.0
2023-06-13,28899.30078125
2023-06-14,28855.05078125
2023-06-15,28699.0
2023-06-16,28588.80078125
2023-06-19,28708.30078125
2023-06-20,28930.80078125
2023-06-21,29025.69921875
2023-06-22,28811.150390625
2023-06-23,28554.30078125
2023-06-26,28590.099609375
2023-06-27,28800.150390625
2023-06-28,28843.0
2023-06-30,29563.0
2023-07-03,29424.80078125
2023-07-04,29729.849609375
2023-07-05,29841.849609375
2023-07-06,29805.19921875
2023-07-07,29560.44921875
2023-07-10,29194.75
2023-07-11,29324.80078125
2023-07-12,29118.05078125
2023-07-13,29628.19921875
2023-07-14,30945.5
2023-07-17,31041.599609375
2023-07-18,31371.150390625
2023-07-19,31353.55078125
2023-07-20,31145.94921875
2023-07-21,29871.05078125
2023-07-24,29843.44921875
2023-07-25,29761.150390625
2023-07-26,29800.400390625
2023-07-27,29745.0
2023-07-28,29490.25
2023-07-31,29928.44921875
2023-08-01,30288.650390625
2023-08-02,30043.599609375
2023-08-03,29971.150390625
2023-08-04,30436.099609375
2023-08-07,30779.25
2023-08-08,30824.94921875
2023-08-09,30940.05078125
2023-08-10,30867.0
2023-08-11,30819.150390625
2023-08-14,31028.900390625
2023-08-16,31212.099609375
2023-08-17,31060.19921875
2023-08-18,30604.05078125
2023-08-21,30937.599609375
2023-08-22,30902.400390625
2023-08-23,30924.099609375
2023-08-24,31112.150390625
2023-08-25,30914.55078125
2023-08-28,30773.599609375
2023-08-29,30866.05078125
2023-08-30,31103.900390625
2023-08-31,31164.900390625
2023-09-01,31514.349609375
2023-09-04,32163.94921875
2023-09-05,32365.30078125
2023-09-06,32312.30078125
2023-09-07,32448.349609375
2023-09-08,32415.650390625
2023-09-11,32642.80078125
2023-09-12,32977.8984375
2023-09-13,32886.69921875
2023-09-14,33045.3984375
2023-09-15,33355.05078125
2023-09-18,33129.5
2023-09-20,32949.19921875
2023-09-21,32919.94921875
2023-09-22,32906.30078125
2023-09-25,32648.599609375
2023-09-26,32471.0
2023-09-27,32594.650390625
2023-09-28,31879.599609375
2023-09-29,31784.400390625
2023-10-03,31717.25
2023-10-04,31811.5
2023-10-05,32125.400390625
2023-10-06,32341.69921875
2023-10-09,32308.55078125
2023-10-10,32569.44921875
2023-10-11,32548.05078125
2023-10-12,32003.650390625
2023-10-13,31807.94921875
2023-10-16,31750.400390625
2023-10-17,31794.900390625
2023-10-18,31606.650390625
2023-10-19,31540.05078125
2023-10-20,31469.349609375
2023-10-23,30848.400390625
2023-10-25,30530.5
2023-10-26,30225.650390625
2023-10-27,30599.69921875
2023-10-30,30641.0
2023-10-31,30582.25
2023-11-01,30344.849609375
2023-11-02,30582.75
2023-11-03,30779.94921875
2023-11-06,30972.94921875
2023-11-07,30981.599609375
2023-11-08,30917.19921875
2023-11-09,30717.69921875
2023-11-10,30639.05078125
2023-11-13,30635.849609375
2023-11-15,31429.349609375
2023-11-16,32273.349609375
2023-11-17,32191.349609375
2023-11-20,32383.19921875
2023-11-21,32325.69921875
2023-11-22,32564.400390625
2023-11-23,32370.650390625
2023-11-24,32055.150390625
2023-11-28,32118.5
2023-11-29,32608.400390625
2023-11-30,32582.19921875
2023-12-01,32598.69921875
2023-12-04,32665.55078125
2023-12-05,32479.150390625
2023-12-06,33022.6015625
2023-12-07,32961.6015625
2023-12-08,33392.8984375
2023-12-11,33514.25
2023-12-12,33493.8984375
2023-12-13,33066.6484375
2023-12-14,34223.3515625
2023-12-15,35782.44921875
2023-12-18,35685.55078125
2023-12-19,35345.0
2023-12-20,34741.05078125
2023-12-21,34846.05078125
2023-12-22,35637.80078125
2023-12-26,35493.44921875
2023-12-27,35741.0
2023-12-28,35691.6484375
2023-12-29,35515.0
2024-01-01,35695.8984375
2024-01-02,35283.1015625
2024-01-03,34395.44921875
2024-01-04,34409.3984375
2024-01-05,34851.75
2024-01-08,34514.6484375
2024-01-09,34662.44921875
2024-01-10,34834.3515625
2024-01-11,34735.25
2024-01-12,36521.69921875
2024-01-15,37201.94921875
2024-01-16,36727.1015625
2024-01-17,36960.3984375
2024-01-18,36730.5
2024-01-19,37069.25
2024-01-23,36521.3515625
2024-01-24,37090.1484375
2024-01-25,36496.19921875
2024-01-29,36531.8984375
2024-01-30,36381.94921875
2024-01-31,36638.3984375
2024-02-01,36534.55078125
2024-02-02,37323.25
2024-02-05,37162.1484375
2024-02-06,38246.30078125
2024-02-07,37767.75
2024-02-08,37851.6015625
2024-02-09,37699.25
2024-02-12,37998.0
2024-02-13,38204.0
2024-02-14,37775.3984375
2024-02-15,37999.55078125
2024-02-16,38477.05078125
2024-02-19,38363.19921875
2024-02-20,38029.69921875
2024-02-21,37405.8984375
2024-02-22,38130.1484375
2024-02-23,38045.6484375
2024-02-26,37598.6484375
2024-02-27,37870.25
2024-02-28,37741.75
2024-02-29,37720.3984375
2024-03-01,37516.05078125
2024-03-04,37314.80078125
2024-03-05,36720.75
2024-03-06,37001.80078125
2024-03-07,37099.8984375
2024-03-11,36988.30078125
2024-03-12,37224.25
2024-03-13,36946.44921875
2024-03-14,37679.6015625
2024-03-15,37500.69921875
2024-03-18,36886.05078125
2024-03-19,35814.6484375
2024-03-20,35748.8984375
2024-03-21,36026.80078125
2024-03-22,35188.3984375
2024-03-26,34969.1015625
2024-03-27,34744.3515625
2024-03-28,34898.1484375
2024-04-01,35042.80078125
2024-04-02,34793.94921875
2024-04-03,35047.3984375
2024-04-04,35426.69921875
2024-04-05,35247.8984375
2024-04-08,35064.1484375
2024-04-09,35079.3515625
2024-04-10,35293.1484375
2024-04-12,35018.1015625
2024-04-15,34463.6015625
2024-04-16,33574.94921875
2024-04-18,33498.6484375
2024-04-19,33368.30078125
2024-04-22,33538.80078125
2024-04-23,33714.55078125
2024-04-24,33442.55078125
2024-04-25,33554.44921875
2024-04-26,33666.25
2024-04-29,33579.3984375
2024-04-30,33200.94921875
2024-05-02,33203.3515625
2024-05-03,32908.3984375
2024-05-06,33217.1484375
2024-05-07,33473.0
2024-05-08,33335.1484375
2024-05-09,33205.8515625
2024-05-10,32935.1484375
2024-05-13,33074.6015625
2024-05-14,33122.8515625
2024-05-15,33117.3984375
2024-05-16,33668.44921875
2024-05-17,33381.8515625
2024-05-21,33379.75
2024-05-22,33613.1015625
2024-05-23,34042.8515625
2024-05-24,33824.30078125
2024-05-27,33995.25
2024-05-28,33880.8515625
2024-05-29,33542.69921875
2024-05-30,32806.75
2024-05-31,32386.099609375
2024-06-03,32511.400390625
2024-06-04,32315.55078125
2024-06-05,33087.94921875
2024-06-06,34023.80078125
2024-06-07,35169.8984375
2024-06-10,34526.25
2024-06-11,34531.44921875
2024-06-12,34547.44921875
2024-06-13,34902.05078125
2024-06-14,34598.55078125
2024-06-18,34802.94921875
2024-06-19,34927.1015625
2024-06-20,34936.44921875
2024-06-21,35200.30078125
2024-06-24,35143.80078125
2024-06-25,35426.8984375
2024-06-26,35406.6015625
2024-06-27,36123.69921875
2024-06-28,36157.5
2024-07-01,36869.19921875
2024-07-02,37299.1484375
2024-07-03,37314.3515625
2024-07-04,37725.8984375
2024-07-05,37720.75
2024-07-08,37742.25
2024-07-09,37668.6484375
2024-07-10,37280.75
2024-07-11,37332.6015625
2024-07-12,39023.0
2024-07-15,38911.3515625
2024-07-16,39141.5
2024-07-18,40010.3984375
2024-07-19,39923.30078125
2024-07-22,39773.1484375
2024-07-23,40044.69921875
2024-07-24,40115.05078125
2024-07-25,40055.5
2024-07-26,40977.3515625
2024-07-29,40820.1015625
2024-07-30,40776.3515625
2024-07-31,40851.1015625
2024-08-01,40709.3984375
2024-08-02,39730.30078125
2024-08-05,38435.94921875
2024-08-06,38624.19921875
2024-08-07,39194.80078125
2024-08-08,38448.30078125
2024-08-09,39043.30078125
2024-08-12,39109.55078125
2024-08-13,39114.8515625
2024-08-14,39731.25
2024-08-16,40878.25
2024-08-19,41236.8515625
2024-08-20,41572.80078125
2024-08-21,41570.8515625
2024-08-22,41506.19921875
2024-08-23,41089.8515625
2024-08-26,41662.1015625
2024-08-27,41709.25
2024-08-28,42394.3984375
2024-08-29,42591.6484375
2024-08-30,42787.80078125
2024-09-02,42975.6015625
2024-09-03,42851.30078125
2024-09-04,42450.5
2024-09-05,42644.6484375
2024-09-06,42228.8984375
2024-09-09,41919.05078125
2024-09-10,42644.19921875
2024-09-11,42473.30078125
2024-09-12,43152.1015625
2024-09-13,43394.3515625
2024-09-16,43352.6484375
2024-09-17,43415.0
2024-09-18,42089.30078125
2024-09-19,41945.6015625
2024-09-20,42204.3984375
2024-09-23,41987.44921875
2024-09-24,42243.94921875
2024-09-25,41960.94921875
2024-09-26,42160.8984375
2024-09-27,42312.6015625
2024-09-30,41946.1015625
2024-10-01,42434.80078125
2024-10-03,41762.6015625
2024-10-04,41912.5
2024-10-07,42190.6015625
2024-10-08,42387.55078125
2024-10-09,42622.75
2024-10-10,42088.80078125
2024-10-11,42335.69921875
2024-10-14,42872.75
2024-10-15,42731.30078125
2024-10-16,42230.69921875
2024-10-17,42734.3515625
2024-10-18,42106.5
2024-10-21,41562.69921875
2024-10-22,41238.80078125
2024-10-23,42222.1015625
2024-10-24,42139.8515625
2024-10-25,42038.8515625
2024-10-28,42205.3984375
2024-10-29,42031.44921875
2024-10-30,41668.6015625
2024-10-31,40407.55078125
2024-11-01,40433.6484375
2024-11-04,40421.80078125
2024-11-05,40424.6015625
2024-11-06,42039.5
2024-11-07,41752.3984375
2024-11-08,42050.1484375
2024-11-11,42590.30078125
2024-11-12,42609.55078125
2024-11-13,42369.5
2024-11-14,42390.8515625
2024-11-18,41406.55078125
2024-11-19,41748.3515625
2024-11-21,41952.80078125
2024-11-22,43332.1015625
2024-11-25,43618.1484375
2024-11-26,44085.94921875
2024-11-27,44018.69921875
2024-11-28,42968.75
2024-11-29,43146.25
2024-12-02,43547.0
2024-12-03,43754.94921875
2024-12-04,43949.25
2024-12-05,44806.3984375
2024-12-06,44716.05078125
2024-12-09,44832.0
2024-12-10,45199.75
2024-12-11,45350.3515625
2024-12-12,45701.6484375
2024-12-13,45995.80078125
2024-12-16,45653.6015625
2024-12-17,45413.75
2024-12-18,45526.8515625
2024-12-19,44954.19921875
2024-12-20,43771.05078125
2024-12-23,43828.3515625
2024-12-24,43668.8984375
2024-12-26,43664.25
2024-12-27,43721.3984375
2024-12-30,43971.44921875
2024-12-31,43337.80078125
2025-01-01,43373.1015625
2025-01-02,44351.75
2025-01-03,43726.55078125
2025-01-06,43674.8515625
2025-01-07,43375.8515625
2025-01-08,43634.25
2025-01-09,43126.44921875
2025-01-10,44609.5
2025-01-13,43999.1015625
2025-01-14,43061.19921875
2025-01-15,43401.25
2025-01-16,43188.8515625
2025-01-17,42032.19921875
2025-01-20,42192.80078125
2025-01-21,41697.94921875
2025-01-22,42590.69921875
2025-01-23,43351.75
2025-01-24,43524.1015625
2025-01-27,42060.69921875
2025-01-28,41820.6484375
2025-01-29,42914.5
2025-01-30,42426.6484375
2025-01-31,42662.75
2025-02-03,42314.25
2025-02-04,42860.19921875
2025-02-05,42888.30078125
2025-02-06,43020.94921875
2025-02-07,42921.6484375
2025-02-10,42596.55078125
2025-02-11,41968.30078125
2025-02-12,41733.0
2025-02-13,41315.55078125
2025-02-14,41311.1484375
2025-02-17,41073.19921875
2025-02-18,41464.3515625
2025-02-19,40924.25
2025-02-20,40865.94921875
2025-02-21,40544.55078125
2025-02-24,39446.6015625
2025-02-25,39131.30078125
2025-02-27,38946.6484375
2025-02-28,37318.30078125
2025-03-03,37614.44921875
2025-03-04,37276.94921875
2025-03-05,38072.30078125
2025-03-06,38145.30078125
2025-03-07,37820.44921875
2025-03-10,37644.3984375
2025-03-11,37400.1015625
2025-03-12,36310.6484375
2025-03-13,36122.5
2025-03-17,36137.19921875
2025-03-18,36619.3515625
2025-03-19,36223.5
2025-03-20,36676.6484375
2025-03-21,36702.80078125
2025-03-24,37217.05078125
2025-03-25,37706.8984375
2025-03-26,37336.69921875
2025-03-27,37548.30078125
2025-03-28,36886.1484375
2025-04-01,35980.6484375
2025-04-02,36283.5
2025-04-03,34757.25
2025-04-04,33511.44921875
2025-04-07,32668.80078125
2025-04-08,33244.3984375
2025-04-09,32517.349609375
2025-04-11,32740.849609375
2025-04-15,33275.30078125
2025-04-16,33295.5
2025-04-17,33372.3515625
2025-04-21,34135.05078125
2025-04-22,33941.05078125
2025-04-23,35414.6484375
2025-04-24,35307.1015625
2025-04-25,35562.25
2025-04-28,35482.94921875
2025-04-29,35920.3984375
2025-04-30,35794.94921875
2025-05-02,35891.8515625
2025-05-05,35991.25
2025-05-06,35869.19921875
2025-05-07,35920.30078125
2025-05-08,36002.44921875
2025-05-09,35880.1015625
2025-05-12,38282.55078125
2025-05-13,37354.6015625
2025-05-14,37853.55078125
2025-05-15,38293.80078125
2025-05-16,37972.3515625
2025-05-19,37477.80078125
2025-05-20,37283.5
2025-05-21,37540.1015625
2025-05-22,37050.1484375
2025-05-23,37403.55078125
2025-05-26,37785.8984375
2025-05-27,37501.44921875
2025-05-28,37465.75
2025-05-29,37754.1484375
2025-05-30,37321.75
2025-06-02,37061.8515625
2025-06-03,36814.8984375
2025-06-04,36938.1015625
2025-06-05,37107.94921875
2025-06-06,37294.8515625
2025-06-09,37669.19921875
2025-06-10,38300.0
2025-06-11,38784.30078125
2025-06-12,38460.30078125
2025-06-13,38469.25
2025-06-16,39073.05078125
2025-06-17,39356.1015625
2025-06-18,39030.8984375
2025-06-19,38664.94921875
2025-06-20,38991.44921875
2025-06-23,38414.1015625
2025-06-24,38417.94921875
2025-06-25,39046.30078125
2025-06-26,38996.25
2025-06-27,38822.94921875
2025-06-30,38950.0
2025-07-01,38833.1484375
2025-07-02,38879.1015625
2025-07-03,38854.30078125
2025-07-04,39166.55078125
2025-07-07,38866.94921875
2025-07-08,38983.25
2025-07-09,38680.8515625
2025-07-10,38376.6484375
2025-07-11,37693.25
2025-07-14,37273.69921875
2025-07-15,37424.6015625
2025-07-16,37660.75
2025-07-17,37138.55078125
2025-07-18,37141.8984375
2025-07-21,37031.75
2025-07-22,36858.8984375
2025-07-23,36951.5
2025-07-24,36135.80078125
2025-07-25,35623.75
2025-07-28,35370.05078125
2025-07-29,35373.25
2025-07-30,35481.69921875
2025-07-31,35301.6484375
2025-08-01,34649.6015625
2025-08-04,35203.3515625
2025-08-05,35034.5
2025-08-06,34426.25
2025-08-07,34726.80078125
2025-08-08,34398.5
2025-08-11,34544.6484375
2025-08-12,34674.30078125
2025-08-13,34692.94921875
2025-08-14,34833.19921875
2025-08-18,34634.94921875
2025-08-19,34756.69921875
2025-08-20,35690.05078125
2025-08-21,35723.8984375
2025-08-22,35440.8515625
2025-08-25,36280.1015625
2025-08-26,36063.19921875
2025-08-28,35488.80078125
2025-08-29,35181.25
2025-09-01,35740.6484375
2025-09-02,35737.8984375
2025-09-03,35474.94921875
2025-09-04,35143.1015625
2025-09-05,34635.8515625
2025-09-08,34310.44921875
2025-09-09,35255.94921875
2025-09-10,36183.80078125
2025-09-11,36003.5
2025-09-12,36110.75
2025-09-15,35902.19921875
2025-09-16,36212.1484375
2025-09-17,36447.1484375
2025-09-18,36750.25
2025-09-19,36578.25
2025-09-22,35500.1484375
2025-09-23,35249.1015625
2025-09-24,34994.30078125
2025-09-25,34548.30078125
2025-09-26,33702.0
2025-09-29,33693.1015625
2025-09-30,33655.1015625
2025-10-01,33905.19921875
2025-10-03,33949.75
2025-10-06,34722.55078125
2025-10-07,34709.44921875
2025-10-08,35232.25
2025-10-09,35628.5
2025-10-10,35609.05078125
2025-10-13,35330.80078125
2025-10-14,35214.8515625
2025-10-15,35401.80078125
2025-10-16,35531.05078125
2025-10-17,34950.69921875
2025-10-20,35292.6015625
2025-10-21,35299.75
2025-10-23,36078.6484375
2025-10-24,35986.3515625
2025-10-27,36129.1015625
2025-10-28,35860.3984375
2025-10-29,36090.1015625
2025-10-30,35906.3984375
2025-10-31,35712.3515625
2025-11-03,35653.1015625
2025-11-04,35274.55078125
2025-11-06,35337.6015625
2025-11-07,35117.6484375
2025-11-10,35688.25
2025-11-11,36116.8984375
2025-11-12,36855.3984375
2025-11-13,36679.5
2025-11-14,36301.25
2025-11-17,36375.19921875
2025-11-18,35975.19921875
2025-11-19,37044.6484375
2025-11-20,37043.30078125
2025-11-21,36885.3515625
2025-11-24,37037.94921875
2025-11-25,36826.8984375
2025-11-26,37364.6015625
2025-11-27,37446.30078125
2025-11-28,37405.5
2025-12-01,37549.75
2025-12-02,37541.25
2025-12-03,37825.25
2025-12-04,38360.25
2025-12-05,38703.6484375
2025-12-08,38590.69921875
2025-12-09,38130.6015625
2025-12-10,37789.8984375
2025-12-11,38097.0
2025-12-12,38274.75
2025-12-15,38386.30078125
2025-12-16,38062.5
2025-12-17,38172.05078125
2025-12-18,38633.3515625
2025-12-19,38691.6015625
2025-12-22,39488.0
2025-12-23,39173.69921875
2025-12-24,38974.80078125
2025-12-26,38572.30078125
2025-12-29,38282.69921875
2025-12-30,37998.6015625
